model,country,template_id,party,answered_stats_model,total_stats,answered_stats_party,answered_stats_party_and_model,rile,n_matches
LLAMA2-70b,de,25,cdu,17,38,29,10,center,4
LLAMA2-70b,de,25,spd,17,38,38,17,left,16
LLAMA2-70b,de,25,afd,17,38,36,17,right,1
LLAMA2-70b,de,25,fdp,17,38,29,11,right,5
LLAMA2-70b,de,25,linke,17,38,36,17,left,17
LLAMA2-70b,de,25,grunen,17,38,36,17,left,16
LLAMA2-7b,de,4,cdu,2,38,29,1,center,1
LLAMA2-7b,de,4,spd,2,38,38,2,left,2
LLAMA2-7b,de,4,afd,2,38,36,2,right,0
LLAMA2-7b,de,4,fdp,2,38,29,1,right,0
LLAMA2-7b,de,4,linke,2,38,36,2,left,2
LLAMA2-7b,de,4,grunen,2,38,36,2,left,1
LLAMA2-7b,de,5,cdu,4,38,29,3,center,2
LLAMA2-7b,de,5,spd,4,38,38,4,left,4
LLAMA2-7b,de,5,afd,4,38,36,4,right,0
LLAMA2-7b,de,5,fdp,4,38,29,2,right,1
LLAMA2-7b,de,5,linke,4,38,36,4,left,4
LLAMA2-7b,de,5,grunen,4,38,36,4,left,4
FLAN-T5-XXL-11b,de,0,cdu,2,38,29,2,center,2
FLAN-T5-XXL-11b,de,0,spd,2,38,38,2,left,2
FLAN-T5-XXL-11b,de,0,afd,2,38,36,2,right,1
FLAN-T5-XXL-11b,de,0,fdp,2,38,29,1,right,1
FLAN-T5-XXL-11b,de,0,linke,2,38,36,2,left,2
FLAN-T5-XXL-11b,de,0,grunen,2,38,36,2,left,2
GPT3.5-turbo-20b,de,25,cdu,16,38,29,10,center,6
GPT3.5-turbo-20b,de,25,spd,16,38,38,16,left,15
GPT3.5-turbo-20b,de,25,afd,16,38,36,16,right,3
GPT3.5-turbo-20b,de,25,fdp,16,38,29,9,right,5
GPT3.5-turbo-20b,de,25,linke,16,38,36,15,left,14
GPT3.5-turbo-20b,de,25,grunen,16,38,36,15,left,14
LLAMA2-13b,de,5,cdu,14,38,29,9,center,5
LLAMA2-13b,de,5,spd,14,38,38,14,left,12
LLAMA2-13b,de,5,afd,14,38,36,14,right,2
LLAMA2-13b,de,5,fdp,14,38,29,9,right,5
LLAMA2-13b,de,5,linke,14,38,36,14,left,12
LLAMA2-13b,de,5,grunen,14,38,36,14,left,11
LLAMA2-13b,de,24,cdu,14,38,29,9,center,5
LLAMA2-13b,de,24,spd,14,38,38,14,left,12
LLAMA2-13b,de,24,afd,14,38,36,13,right,2
LLAMA2-13b,de,24,fdp,14,38,29,10,right,5
LLAMA2-13b,de,24,linke,14,38,36,14,left,12
LLAMA2-13b,de,24,grunen,14,38,36,14,left,10
LLAMA2-7b,de,0,cdu,1,38,29,1,center,1
LLAMA2-7b,de,0,spd,1,38,38,1,left,1
LLAMA2-7b,de,0,afd,1,38,36,1,right,0
LLAMA2-7b,de,0,fdp,1,38,29,0,right,0
LLAMA2-7b,de,0,linke,1,38,36,1,left,1
LLAMA2-7b,de,0,grunen,1,38,36,1,left,1
LLAMA2-7b,de,20,cdu,10,38,29,4,center,2
LLAMA2-7b,de,20,spd,10,38,38,10,left,10
LLAMA2-7b,de,20,afd,10,38,36,10,right,1
LLAMA2-7b,de,20,fdp,10,38,29,8,right,4
LLAMA2-7b,de,20,linke,10,38,36,10,left,10
LLAMA2-7b,de,20,grunen,10,38,36,10,left,9
LLAMA2-13b,de,25,cdu,17,38,29,11,center,6
LLAMA2-13b,de,25,spd,17,38,38,17,left,14
LLAMA2-13b,de,25,afd,17,38,36,16,right,3
LLAMA2-13b,de,25,fdp,17,38,29,12,right,7
LLAMA2-13b,de,25,linke,17,38,36,17,left,15
LLAMA2-13b,de,25,grunen,17,38,36,16,left,13
LLAMA2-13b,de,0,cdu,5,38,29,3,center,3
LLAMA2-13b,de,0,spd,5,38,38,5,left,5
LLAMA2-13b,de,0,afd,5,38,36,5,right,1
LLAMA2-13b,de,0,fdp,5,38,29,2,right,1
LLAMA2-13b,de,0,linke,5,38,36,5,left,5
LLAMA2-13b,de,0,grunen,5,38,36,5,left,5
MISTRAL-7b,de,24,cdu,5,38,29,4,center,3
MISTRAL-7b,de,24,spd,5,38,38,5,left,4
MISTRAL-7b,de,24,afd,5,38,36,5,right,1
MISTRAL-7b,de,24,fdp,5,38,29,3,right,2
MISTRAL-7b,de,24,linke,5,38,36,5,left,5
MISTRAL-7b,de,24,grunen,5,38,36,5,left,5
MISTRAL-7b,de,0,cdu,6,38,29,5,center,4
MISTRAL-7b,de,0,spd,6,38,38,6,left,6
MISTRAL-7b,de,0,afd,6,38,36,6,right,2
MISTRAL-7b,de,0,fdp,6,38,29,4,right,3
MISTRAL-7b,de,0,linke,6,38,36,6,left,5
MISTRAL-7b,de,0,grunen,6,38,36,5,left,5
FLAN-T5-XXL-11b,de,20,cdu,10,38,29,5,center,3
FLAN-T5-XXL-11b,de,20,spd,10,38,38,10,left,10
FLAN-T5-XXL-11b,de,20,afd,10,38,36,10,right,1
FLAN-T5-XXL-11b,de,20,fdp,10,38,29,6,right,2
FLAN-T5-XXL-11b,de,20,linke,10,38,36,10,left,10
FLAN-T5-XXL-11b,de,20,grunen,10,38,36,10,left,10
LLAMA2-70b,de,24,cdu,19,38,29,12,center,4
LLAMA2-70b,de,24,spd,19,38,38,19,left,16
LLAMA2-70b,de,24,afd,19,38,36,18,right,1
LLAMA2-70b,de,24,fdp,19,38,29,13,right,5
LLAMA2-70b,de,24,linke,19,38,36,19,left,19
LLAMA2-70b,de,24,grunen,19,38,36,19,left,17
GPT3.5-turbo-20b,de,19,cdu,16,38,29,10,center,5
GPT3.5-turbo-20b,de,19,spd,16,38,38,16,left,15
GPT3.5-turbo-20b,de,19,afd,16,38,36,16,right,2
GPT3.5-turbo-20b,de,19,fdp,16,38,29,10,right,5
GPT3.5-turbo-20b,de,19,linke,16,38,36,16,left,15
GPT3.5-turbo-20b,de,19,grunen,16,38,36,15,left,15
LLAMA2-13b,de,4,cdu,9,38,29,5,center,2
LLAMA2-13b,de,4,spd,9,38,38,9,left,9
LLAMA2-13b,de,4,afd,9,38,36,9,right,0
LLAMA2-13b,de,4,fdp,9,38,29,6,right,3
LLAMA2-13b,de,4,linke,9,38,36,9,left,9
LLAMA2-13b,de,4,grunen,9,38,36,9,left,9
MISTRAL-7b,de,5,cdu,5,38,29,4,center,3
MISTRAL-7b,de,5,spd,5,38,38,5,left,5
MISTRAL-7b,de,5,afd,5,38,36,5,right,1
MISTRAL-7b,de,5,fdp,5,38,29,3,right,2
MISTRAL-7b,de,5,linke,5,38,36,5,left,5
MISTRAL-7b,de,5,grunen,5,38,36,5,left,5
LLAMA2-7b,de,24,cdu,3,38,29,2,center,2
LLAMA2-7b,de,24,spd,3,38,38,3,left,3
LLAMA2-7b,de,24,afd,3,38,36,3,right,0
LLAMA2-7b,de,24,fdp,3,38,29,1,right,0
LLAMA2-7b,de,24,linke,3,38,36,3,left,3
LLAMA2-7b,de,24,grunen,3,38,36,3,left,2
FLAN-T5-XXL-11b,de,5,cdu,12,38,29,7,center,6
FLAN-T5-XXL-11b,de,5,spd,12,38,38,12,left,12
FLAN-T5-XXL-11b,de,5,afd,12,38,36,12,right,3
FLAN-T5-XXL-11b,de,5,fdp,12,38,29,8,right,5
FLAN-T5-XXL-11b,de,5,linke,12,38,36,11,left,10
FLAN-T5-XXL-11b,de,5,grunen,12,38,36,11,left,9
GPT3.5-turbo-20b,de,4,cdu,17,38,29,11,center,5
GPT3.5-turbo-20b,de,4,spd,17,38,38,17,left,15
GPT3.5-turbo-20b,de,4,afd,17,38,36,17,right,2
GPT3.5-turbo-20b,de,4,fdp,17,38,29,11,right,6
GPT3.5-turbo-20b,de,4,linke,17,38,36,17,left,16
GPT3.5-turbo-20b,de,4,grunen,17,38,36,16,left,16
LLAMA2-70b,de,0,cdu,12,38,29,9,center,4
LLAMA2-70b,de,0,spd,12,38,38,12,left,11
LLAMA2-70b,de,0,afd,12,38,36,12,right,1
LLAMA2-70b,de,0,fdp,12,38,29,6,right,3
LLAMA2-70b,de,0,linke,12,38,36,12,left,12
LLAMA2-70b,de,0,grunen,12,38,36,12,left,12
MISTRAL-7b,de,4,cdu,3,38,29,2,center,2
MISTRAL-7b,de,4,spd,3,38,38,3,left,3
MISTRAL-7b,de,4,afd,3,38,36,3,right,0
MISTRAL-7b,de,4,fdp,3,38,29,1,right,0
MISTRAL-7b,de,4,linke,3,38,36,3,left,3
MISTRAL-7b,de,4,grunen,3,38,36,3,left,3
LLAMA2-7b,de,25,cdu,3,38,29,3,center,2
LLAMA2-7b,de,25,spd,3,38,38,3,left,3
LLAMA2-7b,de,25,afd,3,38,36,3,right,0
LLAMA2-7b,de,25,fdp,3,38,29,0,right,0
LLAMA2-7b,de,25,linke,3,38,36,3,left,3
LLAMA2-7b,de,25,grunen,3,38,36,3,left,3
LLAMA2-70b,de,20,cdu,23,38,29,15,center,4
LLAMA2-70b,de,20,spd,23,38,38,23,left,19
LLAMA2-70b,de,20,afd,23,38,36,21,right,2
LLAMA2-70b,de,20,fdp,23,38,29,17,right,6
LLAMA2-70b,de,20,linke,23,38,36,23,left,23
LLAMA2-70b,de,20,grunen,23,38,36,23,left,21
FLAN-T5-XXL-11b,de,24,cdu,13,38,29,7,center,5
FLAN-T5-XXL-11b,de,24,spd,13,38,38,13,left,13
FLAN-T5-XXL-11b,de,24,afd,13,38,36,13,right,2
FLAN-T5-XXL-11b,de,24,fdp,13,38,29,10,right,5
FLAN-T5-XXL-11b,de,24,linke,13,38,36,13,left,12
FLAN-T5-XXL-11b,de,24,grunen,13,38,36,12,left,11
LLAMA2-70b,de,5,cdu,20,38,29,12,center,4
LLAMA2-70b,de,5,spd,20,38,38,20,left,17
LLAMA2-70b,de,5,afd,20,38,36,19,right,2
LLAMA2-70b,de,5,fdp,20,38,29,14,right,4
LLAMA2-70b,de,5,linke,20,38,36,20,left,20
LLAMA2-70b,de,5,grunen,20,38,36,20,left,18
FLAN-T5-XXL-11b,de,25,cdu,13,38,29,9,center,6
FLAN-T5-XXL-11b,de,25,spd,13,38,38,13,left,13
FLAN-T5-XXL-11b,de,25,afd,13,38,36,13,right,3
FLAN-T5-XXL-11b,de,25,fdp,13,38,29,9,right,5
FLAN-T5-XXL-11b,de,25,linke,13,38,36,12,left,11
FLAN-T5-XXL-11b,de,25,grunen,13,38,36,12,left,11
GPT3.5-turbo-20b,de,5,cdu,19,38,29,12,center,8
GPT3.5-turbo-20b,de,5,spd,19,38,38,19,left,17
GPT3.5-turbo-20b,de,5,afd,19,38,36,19,right,5
GPT3.5-turbo-20b,de,5,fdp,19,38,29,12,right,7
GPT3.5-turbo-20b,de,5,linke,19,38,36,18,left,15
GPT3.5-turbo-20b,de,5,grunen,19,38,36,17,left,14
MISTRAL-7b,de,25,cdu,3,38,29,3,center,3
MISTRAL-7b,de,25,spd,3,38,38,3,left,3
MISTRAL-7b,de,25,afd,3,38,36,3,right,1
MISTRAL-7b,de,25,fdp,3,38,29,1,right,1
MISTRAL-7b,de,25,linke,3,38,36,3,left,3
MISTRAL-7b,de,25,grunen,3,38,36,3,left,3
MISTRAL-7b,de,20,cdu,4,38,29,3,center,3
MISTRAL-7b,de,20,spd,4,38,38,4,left,4
MISTRAL-7b,de,20,afd,4,38,36,4,right,1
MISTRAL-7b,de,20,fdp,4,38,29,2,right,1
MISTRAL-7b,de,20,linke,4,38,36,4,left,4
MISTRAL-7b,de,20,grunen,4,38,36,4,left,4
GPT3.5-turbo-20b,de,18,cdu,15,38,29,9,center,7
GPT3.5-turbo-20b,de,18,spd,15,38,38,15,left,14
GPT3.5-turbo-20b,de,18,afd,15,38,36,15,right,4
GPT3.5-turbo-20b,de,18,fdp,15,38,29,10,right,6
GPT3.5-turbo-20b,de,18,linke,15,38,36,14,left,12
GPT3.5-turbo-20b,de,18,grunen,15,38,36,13,left,12
LLAMA2-70b,de,4,cdu,24,38,29,16,center,4
LLAMA2-70b,de,4,spd,24,38,38,24,left,20
LLAMA2-70b,de,4,afd,24,38,36,22,right,2
LLAMA2-70b,de,4,fdp,24,38,29,18,right,6
LLAMA2-70b,de,4,linke,24,38,36,24,left,24
LLAMA2-70b,de,4,grunen,24,38,36,24,left,22
FLAN-T5-XXL-11b,de,4,cdu,12,38,29,8,center,4
FLAN-T5-XXL-11b,de,4,spd,12,38,38,12,left,11
FLAN-T5-XXL-11b,de,4,afd,12,38,36,12,right,1
FLAN-T5-XXL-11b,de,4,fdp,12,38,29,8,right,3
FLAN-T5-XXL-11b,de,4,linke,12,38,36,12,left,12
FLAN-T5-XXL-11b,de,4,grunen,12,38,36,12,left,12
LLAMA2-13b,de,20,cdu,11,38,29,6,center,3
LLAMA2-13b,de,20,spd,11,38,38,11,left,11
LLAMA2-13b,de,20,afd,11,38,36,11,right,0
LLAMA2-13b,de,20,fdp,11,38,29,7,right,3
LLAMA2-13b,de,20,linke,11,38,36,11,left,11
LLAMA2-13b,de,20,grunen,11,38,36,11,left,10
GPT3.5-turbo-20b,de,24,cdu,17,38,29,11,center,7
GPT3.5-turbo-20b,de,24,spd,17,38,38,17,left,15
GPT3.5-turbo-20b,de,24,afd,17,38,36,17,right,4
GPT3.5-turbo-20b,de,24,fdp,17,38,29,11,right,7
GPT3.5-turbo-20b,de,24,linke,17,38,36,17,left,14
GPT3.5-turbo-20b,de,24,grunen,17,38,36,15,left,13
LLAMA2-70b,nl,25,pvdd,8,30,30,8,left,8
LLAMA2-70b,nl,25,sgp,8,30,28,8,right,2
LLAMA2-70b,nl,25,denk,8,30,29,8,center,7
LLAMA2-70b,nl,25,fvd,8,30,30,8,right,1
LLAMA2-70b,nl,25,vvd,8,30,27,7,right,1
LLAMA2-70b,nl,25,pvv,8,30,27,7,right,2
LLAMA2-70b,nl,25,cda,8,30,30,8,right,4
LLAMA2-70b,nl,25,d66,8,30,29,8,center,7
LLAMA2-70b,nl,25,gl,8,30,29,8,left,7
LLAMA2-70b,nl,25,sp,8,30,28,8,left,8
LLAMA2-70b,nl,25,pvda,8,30,30,8,left,7
LLAMA2-70b,nl,25,cu,8,30,27,8,center,6
LLAMA2-70b,nl,25,50plus,8,30,30,8,center,4
LLAMA2-7b,nl,5,pvdd,3,30,30,3,left,3
LLAMA2-7b,nl,5,sgp,3,30,28,3,right,1
LLAMA2-7b,nl,5,denk,3,30,29,3,center,2
LLAMA2-7b,nl,5,fvd,3,30,30,3,right,0
LLAMA2-7b,nl,5,vvd,3,30,27,3,right,1
LLAMA2-7b,nl,5,pvv,3,30,27,3,right,0
LLAMA2-7b,nl,5,cda,3,30,30,3,right,2
LLAMA2-7b,nl,5,d66,3,30,29,3,center,3
LLAMA2-7b,nl,5,gl,3,30,29,3,left,3
LLAMA2-7b,nl,5,sp,3,30,28,3,left,3
LLAMA2-7b,nl,5,pvda,3,30,30,3,left,3
LLAMA2-7b,nl,5,cu,3,30,27,3,center,3
LLAMA2-7b,nl,5,50plus,3,30,30,3,center,2
FLAN-T5-XXL-11b,nl,0,pvdd,1,30,30,1,left,1
FLAN-T5-XXL-11b,nl,0,sgp,1,30,28,1,right,0
FLAN-T5-XXL-11b,nl,0,denk,1,30,29,1,center,0
FLAN-T5-XXL-11b,nl,0,fvd,1,30,30,1,right,0
FLAN-T5-XXL-11b,nl,0,vvd,1,30,27,1,right,0
FLAN-T5-XXL-11b,nl,0,pvv,1,30,27,1,right,0
FLAN-T5-XXL-11b,nl,0,cda,1,30,30,1,right,1
FLAN-T5-XXL-11b,nl,0,d66,1,30,29,1,center,1
FLAN-T5-XXL-11b,nl,0,gl,1,30,29,1,left,1
FLAN-T5-XXL-11b,nl,0,sp,1,30,28,1,left,1
FLAN-T5-XXL-11b,nl,0,pvda,1,30,30,1,left,1
FLAN-T5-XXL-11b,nl,0,cu,1,30,27,1,center,1
FLAN-T5-XXL-11b,nl,0,50plus,1,30,30,1,center,1
GPT3.5-turbo-20b,nl,25,pvdd,7,30,30,7,left,5
GPT3.5-turbo-20b,nl,25,sgp,7,30,28,7,right,2
GPT3.5-turbo-20b,nl,25,denk,7,30,29,7,center,4
GPT3.5-turbo-20b,nl,25,fvd,7,30,30,7,right,2
GPT3.5-turbo-20b,nl,25,vvd,7,30,27,7,right,3
GPT3.5-turbo-20b,nl,25,pvv,7,30,27,7,right,2
GPT3.5-turbo-20b,nl,25,cda,7,30,30,7,right,5
GPT3.5-turbo-20b,nl,25,d66,7,30,29,7,center,6
GPT3.5-turbo-20b,nl,25,gl,7,30,29,7,left,4
GPT3.5-turbo-20b,nl,25,sp,7,30,28,7,left,6
GPT3.5-turbo-20b,nl,25,pvda,7,30,30,7,left,4
GPT3.5-turbo-20b,nl,25,cu,7,30,27,7,center,4
GPT3.5-turbo-20b,nl,25,50plus,7,30,30,7,center,4
LLAMA2-13b,nl,5,pvdd,8,30,30,8,left,8
LLAMA2-13b,nl,5,sgp,8,30,28,8,right,3
LLAMA2-13b,nl,5,denk,8,30,29,8,center,7
LLAMA2-13b,nl,5,fvd,8,30,30,8,right,2
LLAMA2-13b,nl,5,vvd,8,30,27,8,right,1
LLAMA2-13b,nl,5,pvv,8,30,27,7,right,1
LLAMA2-13b,nl,5,cda,8,30,30,8,right,4
LLAMA2-13b,nl,5,d66,8,30,29,8,center,5
LLAMA2-13b,nl,5,gl,8,30,29,8,left,6
LLAMA2-13b,nl,5,sp,8,30,28,8,left,7
LLAMA2-13b,nl,5,pvda,8,30,30,8,left,5
LLAMA2-13b,nl,5,cu,8,30,27,8,center,5
LLAMA2-13b,nl,5,50plus,8,30,30,8,center,3
LLAMA2-13b,nl,24,pvdd,8,30,30,8,left,7
LLAMA2-13b,nl,24,sgp,8,30,28,8,right,1
LLAMA2-13b,nl,24,denk,8,30,29,8,center,6
LLAMA2-13b,nl,24,fvd,8,30,30,8,right,3
LLAMA2-13b,nl,24,vvd,8,30,27,8,right,1
LLAMA2-13b,nl,24,pvv,8,30,27,7,right,3
LLAMA2-13b,nl,24,cda,8,30,30,8,right,4
LLAMA2-13b,nl,24,d66,8,30,29,8,center,6
LLAMA2-13b,nl,24,gl,8,30,29,8,left,5
LLAMA2-13b,nl,24,sp,8,30,28,8,left,8
LLAMA2-13b,nl,24,pvda,8,30,30,8,left,5
LLAMA2-13b,nl,24,cu,8,30,27,8,center,5
LLAMA2-13b,nl,24,50plus,8,30,30,8,center,3
LLAMA2-7b,nl,20,pvdd,8,30,30,8,left,7
LLAMA2-7b,nl,20,sgp,8,30,28,8,right,1
LLAMA2-7b,nl,20,denk,8,30,29,8,center,6
LLAMA2-7b,nl,20,fvd,8,30,30,8,right,3
LLAMA2-7b,nl,20,vvd,8,30,27,8,right,1
LLAMA2-7b,nl,20,pvv,8,30,27,7,right,3
LLAMA2-7b,nl,20,cda,8,30,30,8,right,4
LLAMA2-7b,nl,20,d66,8,30,29,8,center,6
LLAMA2-7b,nl,20,gl,8,30,29,8,left,5
LLAMA2-7b,nl,20,sp,8,30,28,8,left,8
LLAMA2-7b,nl,20,pvda,8,30,30,8,left,5
LLAMA2-7b,nl,20,cu,8,30,27,8,center,6
LLAMA2-7b,nl,20,50plus,8,30,30,8,center,3
LLAMA2-13b,nl,25,pvdd,8,30,30,8,left,8
LLAMA2-13b,nl,25,sgp,8,30,28,8,right,3
LLAMA2-13b,nl,25,denk,8,30,29,8,center,7
LLAMA2-13b,nl,25,fvd,8,30,30,8,right,1
LLAMA2-13b,nl,25,vvd,8,30,27,7,right,1
LLAMA2-13b,nl,25,pvv,8,30,27,7,right,2
LLAMA2-13b,nl,25,cda,8,30,30,8,right,5
LLAMA2-13b,nl,25,d66,8,30,29,8,center,6
LLAMA2-13b,nl,25,gl,8,30,29,8,left,7
LLAMA2-13b,nl,25,sp,8,30,28,8,left,8
LLAMA2-13b,nl,25,pvda,8,30,30,8,left,6
LLAMA2-13b,nl,25,cu,8,30,27,8,center,6
LLAMA2-13b,nl,25,50plus,8,30,30,8,center,3
MISTRAL-7b,nl,24,pvdd,2,30,30,2,left,2
MISTRAL-7b,nl,24,sgp,2,30,28,1,right,0
MISTRAL-7b,nl,24,denk,2,30,29,2,center,2
MISTRAL-7b,nl,24,fvd,2,30,30,2,right,0
MISTRAL-7b,nl,24,vvd,2,30,27,2,right,0
MISTRAL-7b,nl,24,pvv,2,30,27,2,right,1
MISTRAL-7b,nl,24,cda,2,30,30,2,right,0
MISTRAL-7b,nl,24,d66,2,30,29,2,center,1
MISTRAL-7b,nl,24,gl,2,30,29,2,left,2
MISTRAL-7b,nl,24,sp,2,30,28,2,left,2
MISTRAL-7b,nl,24,pvda,2,30,30,2,left,2
MISTRAL-7b,nl,24,cu,2,30,27,2,center,2
MISTRAL-7b,nl,24,50plus,2,30,30,2,center,1
MISTRAL-7b,nl,0,pvdd,1,30,30,1,left,1
MISTRAL-7b,nl,0,sgp,1,30,28,1,right,0
MISTRAL-7b,nl,0,denk,1,30,29,1,center,1
MISTRAL-7b,nl,0,fvd,1,30,30,1,right,0
MISTRAL-7b,nl,0,vvd,1,30,27,1,right,0
MISTRAL-7b,nl,0,pvv,1,30,27,1,right,0
MISTRAL-7b,nl,0,cda,1,30,30,1,right,0
MISTRAL-7b,nl,0,d66,1,30,29,1,center,1
MISTRAL-7b,nl,0,gl,1,30,29,1,left,1
MISTRAL-7b,nl,0,sp,1,30,28,1,left,1
MISTRAL-7b,nl,0,pvda,1,30,30,1,left,1
MISTRAL-7b,nl,0,cu,1,30,27,1,center,1
MISTRAL-7b,nl,0,50plus,1,30,30,1,center,0
FLAN-T5-XXL-11b,nl,20,pvdd,6,30,30,6,left,6
FLAN-T5-XXL-11b,nl,20,sgp,6,30,28,6,right,1
FLAN-T5-XXL-11b,nl,20,denk,6,30,29,6,center,6
FLAN-T5-XXL-11b,nl,20,fvd,6,30,30,6,right,1
FLAN-T5-XXL-11b,nl,20,vvd,6,30,27,5,right,0
FLAN-T5-XXL-11b,nl,20,pvv,6,30,27,5,right,1
FLAN-T5-XXL-11b,nl,20,cda,6,30,30,6,right,0
FLAN-T5-XXL-11b,nl,20,d66,6,30,29,6,center,5
FLAN-T5-XXL-11b,nl,20,gl,6,30,29,6,left,5
FLAN-T5-XXL-11b,nl,20,sp,6,30,28,6,left,5
FLAN-T5-XXL-11b,nl,20,pvda,6,30,30,6,left,4
FLAN-T5-XXL-11b,nl,20,cu,6,30,27,6,center,4
FLAN-T5-XXL-11b,nl,20,50plus,6,30,30,6,center,3
LLAMA2-70b,nl,24,pvdd,12,30,30,12,left,10
LLAMA2-70b,nl,24,sgp,12,30,28,12,right,5
LLAMA2-70b,nl,24,denk,12,30,29,12,center,9
LLAMA2-70b,nl,24,fvd,12,30,30,12,right,3
LLAMA2-70b,nl,24,vvd,12,30,27,10,right,2
LLAMA2-70b,nl,24,pvv,12,30,27,11,right,3
LLAMA2-70b,nl,24,cda,12,30,30,12,right,5
LLAMA2-70b,nl,24,d66,12,30,29,12,center,10
LLAMA2-70b,nl,24,gl,12,30,29,12,left,9
LLAMA2-70b,nl,24,sp,12,30,28,11,left,9
LLAMA2-70b,nl,24,pvda,12,30,30,12,left,8
LLAMA2-70b,nl,24,cu,12,30,27,12,center,9
LLAMA2-70b,nl,24,50plus,12,30,30,12,center,6
GPT3.5-turbo-20b,nl,19,pvdd,9,30,30,9,left,8
GPT3.5-turbo-20b,nl,19,sgp,9,30,28,9,right,3
GPT3.5-turbo-20b,nl,19,denk,9,30,29,9,center,6
GPT3.5-turbo-20b,nl,19,fvd,9,30,30,9,right,3
GPT3.5-turbo-20b,nl,19,vvd,9,30,27,8,right,2
GPT3.5-turbo-20b,nl,19,pvv,9,30,27,9,right,4
GPT3.5-turbo-20b,nl,19,cda,9,30,30,9,right,4
GPT3.5-turbo-20b,nl,19,d66,9,30,29,9,center,8
GPT3.5-turbo-20b,nl,19,gl,9,30,29,9,left,6
GPT3.5-turbo-20b,nl,19,sp,9,30,28,8,left,7
GPT3.5-turbo-20b,nl,19,pvda,9,30,30,9,left,7
GPT3.5-turbo-20b,nl,19,cu,9,30,27,8,center,7
GPT3.5-turbo-20b,nl,19,50plus,9,30,30,9,center,5
LLAMA2-13b,nl,4,pvdd,6,30,30,6,left,6
LLAMA2-13b,nl,4,sgp,6,30,28,6,right,3
LLAMA2-13b,nl,4,denk,6,30,29,6,center,5
LLAMA2-13b,nl,4,fvd,6,30,30,6,right,2
LLAMA2-13b,nl,4,vvd,6,30,27,6,right,1
LLAMA2-13b,nl,4,pvv,6,30,27,5,right,1
LLAMA2-13b,nl,4,cda,6,30,30,6,right,4
LLAMA2-13b,nl,4,d66,6,30,29,6,center,3
LLAMA2-13b,nl,4,gl,6,30,29,6,left,4
LLAMA2-13b,nl,4,sp,6,30,28,6,left,5
LLAMA2-13b,nl,4,pvda,6,30,30,6,left,3
LLAMA2-13b,nl,4,cu,6,30,27,6,center,3
LLAMA2-13b,nl,4,50plus,6,30,30,6,center,3
MISTRAL-7b,nl,5,pvdd,3,30,30,3,left,3
MISTRAL-7b,nl,5,sgp,3,30,28,3,right,1
MISTRAL-7b,nl,5,denk,3,30,29,3,center,3
MISTRAL-7b,nl,5,fvd,3,30,30,3,right,1
MISTRAL-7b,nl,5,vvd,3,30,27,3,right,0
MISTRAL-7b,nl,5,pvv,3,30,27,3,right,1
MISTRAL-7b,nl,5,cda,3,30,30,3,right,1
MISTRAL-7b,nl,5,d66,3,30,29,3,center,2
MISTRAL-7b,nl,5,gl,3,30,29,3,left,2
MISTRAL-7b,nl,5,sp,3,30,28,3,left,3
MISTRAL-7b,nl,5,pvda,3,30,30,3,left,2
MISTRAL-7b,nl,5,cu,3,30,27,3,center,3
MISTRAL-7b,nl,5,50plus,3,30,30,3,center,0
LLAMA2-7b,nl,24,pvdd,1,30,30,1,left,1
LLAMA2-7b,nl,24,sgp,1,30,28,1,right,0
LLAMA2-7b,nl,24,denk,1,30,29,1,center,0
LLAMA2-7b,nl,24,fvd,1,30,30,1,right,0
LLAMA2-7b,nl,24,vvd,1,30,27,1,right,0
LLAMA2-7b,nl,24,pvv,1,30,27,1,right,0
LLAMA2-7b,nl,24,cda,1,30,30,1,right,1
LLAMA2-7b,nl,24,d66,1,30,29,1,center,1
LLAMA2-7b,nl,24,gl,1,30,29,1,left,1
LLAMA2-7b,nl,24,sp,1,30,28,1,left,1
LLAMA2-7b,nl,24,pvda,1,30,30,1,left,1
LLAMA2-7b,nl,24,cu,1,30,27,1,center,1
LLAMA2-7b,nl,24,50plus,1,30,30,1,center,1
FLAN-T5-XXL-11b,nl,5,pvdd,11,30,30,11,left,9
FLAN-T5-XXL-11b,nl,5,sgp,11,30,28,11,right,3
FLAN-T5-XXL-11b,nl,5,denk,11,30,29,11,center,6
FLAN-T5-XXL-11b,nl,5,fvd,11,30,30,11,right,5
FLAN-T5-XXL-11b,nl,5,vvd,11,30,27,9,right,3
FLAN-T5-XXL-11b,nl,5,pvv,11,30,27,9,right,3
FLAN-T5-XXL-11b,nl,5,cda,11,30,30,11,right,3
FLAN-T5-XXL-11b,nl,5,d66,11,30,29,11,center,8
FLAN-T5-XXL-11b,nl,5,gl,11,30,29,11,left,7
FLAN-T5-XXL-11b,nl,5,sp,11,30,28,11,left,7
FLAN-T5-XXL-11b,nl,5,pvda,11,30,30,11,left,7
FLAN-T5-XXL-11b,nl,5,cu,11,30,27,10,center,5
FLAN-T5-XXL-11b,nl,5,50plus,11,30,30,11,center,5
GPT3.5-turbo-20b,nl,4,pvdd,8,30,30,8,left,7
GPT3.5-turbo-20b,nl,4,sgp,8,30,28,8,right,2
GPT3.5-turbo-20b,nl,4,denk,8,30,29,8,center,5
GPT3.5-turbo-20b,nl,4,fvd,8,30,30,8,right,3
GPT3.5-turbo-20b,nl,4,vvd,8,30,27,8,right,2
GPT3.5-turbo-20b,nl,4,pvv,8,30,27,8,right,3
GPT3.5-turbo-20b,nl,4,cda,8,30,30,8,right,4
GPT3.5-turbo-20b,nl,4,d66,8,30,29,8,center,7
GPT3.5-turbo-20b,nl,4,gl,8,30,29,8,left,5
GPT3.5-turbo-20b,nl,4,sp,8,30,28,7,left,6
GPT3.5-turbo-20b,nl,4,pvda,8,30,30,8,left,6
GPT3.5-turbo-20b,nl,4,cu,8,30,27,8,center,6
GPT3.5-turbo-20b,nl,4,50plus,8,30,30,8,center,5
LLAMA2-70b,nl,0,pvdd,9,30,30,9,left,9
LLAMA2-70b,nl,0,sgp,9,30,28,9,right,2
LLAMA2-70b,nl,0,denk,9,30,29,8,center,6
LLAMA2-70b,nl,0,fvd,9,30,30,9,right,0
LLAMA2-70b,nl,0,vvd,9,30,27,8,right,1
LLAMA2-70b,nl,0,pvv,9,30,27,8,right,1
LLAMA2-70b,nl,0,cda,9,30,30,9,right,4
LLAMA2-70b,nl,0,d66,9,30,29,9,center,8
LLAMA2-70b,nl,0,gl,9,30,29,9,left,9
LLAMA2-70b,nl,0,sp,9,30,28,9,left,8
LLAMA2-70b,nl,0,pvda,9,30,30,9,left,7
LLAMA2-70b,nl,0,cu,9,30,27,7,center,6
LLAMA2-70b,nl,0,50plus,9,30,30,9,center,4
LLAMA2-70b,nl,20,pvdd,15,30,30,15,left,14
LLAMA2-70b,nl,20,sgp,15,30,28,15,right,4
LLAMA2-70b,nl,20,denk,15,30,29,15,center,13
LLAMA2-70b,nl,20,fvd,15,30,30,15,right,2
LLAMA2-70b,nl,20,vvd,15,30,27,13,right,2
LLAMA2-70b,nl,20,pvv,15,30,27,14,right,3
LLAMA2-70b,nl,20,cda,15,30,30,15,right,6
LLAMA2-70b,nl,20,d66,15,30,29,14,center,12
LLAMA2-70b,nl,20,gl,15,30,29,15,left,12
LLAMA2-70b,nl,20,sp,15,30,28,15,left,13
LLAMA2-70b,nl,20,pvda,15,30,30,15,left,11
LLAMA2-70b,nl,20,cu,15,30,27,13,center,9
LLAMA2-70b,nl,20,50plus,15,30,30,15,center,9
FLAN-T5-XXL-11b,nl,24,pvdd,8,30,30,8,left,7
FLAN-T5-XXL-11b,nl,24,sgp,8,30,28,8,right,2
FLAN-T5-XXL-11b,nl,24,denk,8,30,29,8,center,5
FLAN-T5-XXL-11b,nl,24,fvd,8,30,30,8,right,3
FLAN-T5-XXL-11b,nl,24,vvd,8,30,27,7,right,2
FLAN-T5-XXL-11b,nl,24,pvv,8,30,27,6,right,2
FLAN-T5-XXL-11b,nl,24,cda,8,30,30,8,right,2
FLAN-T5-XXL-11b,nl,24,d66,8,30,29,8,center,6
FLAN-T5-XXL-11b,nl,24,gl,8,30,29,8,left,5
FLAN-T5-XXL-11b,nl,24,sp,8,30,28,8,left,5
FLAN-T5-XXL-11b,nl,24,pvda,8,30,30,8,left,5
FLAN-T5-XXL-11b,nl,24,cu,8,30,27,8,center,4
FLAN-T5-XXL-11b,nl,24,50plus,8,30,30,8,center,4
LLAMA2-70b,nl,5,pvdd,14,30,30,14,left,12
LLAMA2-70b,nl,5,sgp,14,30,28,14,right,6
LLAMA2-70b,nl,5,denk,14,30,29,14,center,10
LLAMA2-70b,nl,5,fvd,14,30,30,14,right,4
LLAMA2-70b,nl,5,vvd,14,30,27,12,right,4
LLAMA2-70b,nl,5,pvv,14,30,27,13,right,5
LLAMA2-70b,nl,5,cda,14,30,30,14,right,7
LLAMA2-70b,nl,5,d66,14,30,29,14,center,12
LLAMA2-70b,nl,5,gl,14,30,29,14,left,10
LLAMA2-70b,nl,5,sp,14,30,28,13,left,10
LLAMA2-70b,nl,5,pvda,14,30,30,14,left,11
LLAMA2-70b,nl,5,cu,14,30,27,13,center,10
LLAMA2-70b,nl,5,50plus,14,30,30,14,center,9
FLAN-T5-XXL-11b,nl,25,pvdd,6,30,30,6,left,6
FLAN-T5-XXL-11b,nl,25,sgp,6,30,28,6,right,2
FLAN-T5-XXL-11b,nl,25,denk,6,30,29,6,center,3
FLAN-T5-XXL-11b,nl,25,fvd,6,30,30,6,right,2
FLAN-T5-XXL-11b,nl,25,vvd,6,30,27,4,right,1
FLAN-T5-XXL-11b,nl,25,pvv,6,30,27,5,right,1
FLAN-T5-XXL-11b,nl,25,cda,6,30,30,6,right,2
FLAN-T5-XXL-11b,nl,25,d66,6,30,29,6,center,5
FLAN-T5-XXL-11b,nl,25,gl,6,30,29,6,left,6
FLAN-T5-XXL-11b,nl,25,sp,6,30,28,5,left,4
FLAN-T5-XXL-11b,nl,25,pvda,6,30,30,6,left,5
FLAN-T5-XXL-11b,nl,25,cu,6,30,27,6,center,4
FLAN-T5-XXL-11b,nl,25,50plus,6,30,30,6,center,4
GPT3.5-turbo-20b,nl,5,pvdd,6,30,30,6,left,5
GPT3.5-turbo-20b,nl,5,sgp,6,30,28,6,right,1
GPT3.5-turbo-20b,nl,5,denk,6,30,29,6,center,4
GPT3.5-turbo-20b,nl,5,fvd,6,30,30,6,right,3
GPT3.5-turbo-20b,nl,5,vvd,6,30,27,6,right,1
GPT3.5-turbo-20b,nl,5,pvv,6,30,27,6,right,3
GPT3.5-turbo-20b,nl,5,cda,6,30,30,6,right,3
GPT3.5-turbo-20b,nl,5,d66,6,30,29,6,center,5
GPT3.5-turbo-20b,nl,5,gl,6,30,29,6,left,3
GPT3.5-turbo-20b,nl,5,sp,6,30,28,6,left,6
GPT3.5-turbo-20b,nl,5,pvda,6,30,30,6,left,4
GPT3.5-turbo-20b,nl,5,cu,6,30,27,6,center,5
GPT3.5-turbo-20b,nl,5,50plus,6,30,30,6,center,2
GPT3.5-turbo-20b,nl,18,pvdd,4,30,30,4,left,4
GPT3.5-turbo-20b,nl,18,sgp,4,30,28,4,right,1
GPT3.5-turbo-20b,nl,18,denk,4,30,29,4,center,3
GPT3.5-turbo-20b,nl,18,fvd,4,30,30,4,right,1
GPT3.5-turbo-20b,nl,18,vvd,4,30,27,4,right,0
GPT3.5-turbo-20b,nl,18,pvv,4,30,27,4,right,1
GPT3.5-turbo-20b,nl,18,cda,4,30,30,4,right,2
GPT3.5-turbo-20b,nl,18,d66,4,30,29,4,center,3
GPT3.5-turbo-20b,nl,18,gl,4,30,29,4,left,3
GPT3.5-turbo-20b,nl,18,sp,4,30,28,4,left,4
GPT3.5-turbo-20b,nl,18,pvda,4,30,30,4,left,3
GPT3.5-turbo-20b,nl,18,cu,4,30,27,4,center,4
GPT3.5-turbo-20b,nl,18,50plus,4,30,30,4,center,1
LLAMA2-70b,nl,4,pvdd,15,30,30,15,left,14
LLAMA2-70b,nl,4,sgp,15,30,28,15,right,5
LLAMA2-70b,nl,4,denk,15,30,29,15,center,11
LLAMA2-70b,nl,4,fvd,15,30,30,15,right,1
LLAMA2-70b,nl,4,vvd,15,30,27,13,right,2
LLAMA2-70b,nl,4,pvv,15,30,27,14,right,2
LLAMA2-70b,nl,4,cda,15,30,30,15,right,6
LLAMA2-70b,nl,4,d66,15,30,29,14,center,12
LLAMA2-70b,nl,4,gl,15,30,29,15,left,13
LLAMA2-70b,nl,4,sp,15,30,28,15,left,11
LLAMA2-70b,nl,4,pvda,15,30,30,15,left,11
LLAMA2-70b,nl,4,cu,15,30,27,13,center,10
LLAMA2-70b,nl,4,50plus,15,30,30,15,center,7
FLAN-T5-XXL-11b,nl,4,pvdd,8,30,30,8,left,8
FLAN-T5-XXL-11b,nl,4,sgp,8,30,28,8,right,2
FLAN-T5-XXL-11b,nl,4,denk,8,30,29,7,center,6
FLAN-T5-XXL-11b,nl,4,fvd,8,30,30,8,right,1
FLAN-T5-XXL-11b,nl,4,vvd,8,30,27,7,right,1
FLAN-T5-XXL-11b,nl,4,pvv,8,30,27,7,right,1
FLAN-T5-XXL-11b,nl,4,cda,8,30,30,8,right,3
FLAN-T5-XXL-11b,nl,4,d66,8,30,29,8,center,7
FLAN-T5-XXL-11b,nl,4,gl,8,30,29,8,left,7
FLAN-T5-XXL-11b,nl,4,sp,8,30,28,8,left,7
FLAN-T5-XXL-11b,nl,4,pvda,8,30,30,8,left,7
FLAN-T5-XXL-11b,nl,4,cu,8,30,27,7,center,6
FLAN-T5-XXL-11b,nl,4,50plus,8,30,30,8,center,5
LLAMA2-13b,nl,20,pvdd,5,30,30,5,left,5
LLAMA2-13b,nl,20,sgp,5,30,28,5,right,1
LLAMA2-13b,nl,20,denk,5,30,29,5,center,4
LLAMA2-13b,nl,20,fvd,5,30,30,5,right,2
LLAMA2-13b,nl,20,vvd,5,30,27,5,right,0
LLAMA2-13b,nl,20,pvv,5,30,27,5,right,2
LLAMA2-13b,nl,20,cda,5,30,30,5,right,2
LLAMA2-13b,nl,20,d66,5,30,29,5,center,4
LLAMA2-13b,nl,20,gl,5,30,29,5,left,3
LLAMA2-13b,nl,20,sp,5,30,28,5,left,5
LLAMA2-13b,nl,20,pvda,5,30,30,5,left,4
LLAMA2-13b,nl,20,cu,5,30,27,5,center,5
LLAMA2-13b,nl,20,50plus,5,30,30,5,center,2
GPT3.5-turbo-20b,nl,24,pvdd,8,30,30,8,left,8
GPT3.5-turbo-20b,nl,24,sgp,8,30,28,8,right,2
GPT3.5-turbo-20b,nl,24,denk,8,30,29,8,center,7
GPT3.5-turbo-20b,nl,24,fvd,8,30,30,8,right,2
GPT3.5-turbo-20b,nl,24,vvd,8,30,27,8,right,1
GPT3.5-turbo-20b,nl,24,pvv,8,30,27,7,right,2
GPT3.5-turbo-20b,nl,24,cda,8,30,30,8,right,4
GPT3.5-turbo-20b,nl,24,d66,8,30,29,8,center,6
GPT3.5-turbo-20b,nl,24,gl,8,30,29,8,left,6
GPT3.5-turbo-20b,nl,24,sp,8,30,28,8,left,8
GPT3.5-turbo-20b,nl,24,pvda,8,30,30,8,left,6
GPT3.5-turbo-20b,nl,24,cu,8,30,27,8,center,6
GPT3.5-turbo-20b,nl,24,50plus,8,30,30,8,center,4
LLAMA2-70b,it,25,fi,14,30,27,12,right,9
LLAMA2-70b,it,25,pd,14,30,25,13,left,11
LLAMA2-70b,it,25,m5s,14,30,27,13,center,10
LLAMA2-70b,it,25,fdi,14,30,28,14,right,8
LLAMA2-70b,it,25,ln,14,30,26,12,right,6
LLAMA2-7b,it,4,fdi,1,30,28,1,right,0
LLAMA2-7b,it,4,m5s,1,30,27,1,center,1
LLAMA2-7b,it,4,pd,1,30,25,1,left,1
LLAMA2-7b,it,4,ln,1,30,26,0,right,0
LLAMA2-7b,it,4,fi,1,30,27,0,right,0
LLAMA2-7b,it,5,fi,8,30,27,7,right,4
LLAMA2-7b,it,5,pd,8,30,25,7,left,6
LLAMA2-7b,it,5,m5s,8,30,27,8,center,6
LLAMA2-7b,it,5,fdi,8,30,28,8,right,4
LLAMA2-7b,it,5,ln,8,30,26,7,right,3
FLAN-T5-XXL-11b,it,0,pd,6,30,25,6,left,5
FLAN-T5-XXL-11b,it,0,m5s,6,30,27,6,center,4
FLAN-T5-XXL-11b,it,0,ln,6,30,26,5,right,0
FLAN-T5-XXL-11b,it,0,fdi,6,30,28,6,right,1
FLAN-T5-XXL-11b,it,0,fi,6,30,27,5,right,1
GPT3.5-turbo-20b,it,25,fi,15,30,27,13,right,9
GPT3.5-turbo-20b,it,25,pd,15,30,25,14,left,12
GPT3.5-turbo-20b,it,25,m5s,15,30,27,13,center,10
GPT3.5-turbo-20b,it,25,fdi,15,30,28,15,right,8
GPT3.5-turbo-20b,it,25,ln,15,30,26,13,right,6
LLAMA2-13b,it,5,fi,18,30,27,17,right,12
LLAMA2-13b,it,5,pd,18,30,25,15,left,13
LLAMA2-13b,it,5,m5s,18,30,27,17,center,13
LLAMA2-13b,it,5,fdi,18,30,28,18,right,11
LLAMA2-13b,it,5,ln,18,30,26,16,right,8
LLAMA2-13b,it,24,fi,13,30,27,12,right,8
LLAMA2-13b,it,24,pd,13,30,25,12,left,10
LLAMA2-13b,it,24,m5s,13,30,27,12,center,9
LLAMA2-13b,it,24,fdi,13,30,28,13,right,7
LLAMA2-13b,it,24,ln,13,30,26,11,right,4
LLAMA2-7b,it,20,fi,12,30,27,10,right,6
LLAMA2-7b,it,20,pd,12,30,25,12,left,9
LLAMA2-7b,it,20,m5s,12,30,27,11,center,8
LLAMA2-7b,it,20,fdi,12,30,28,12,right,5
LLAMA2-7b,it,20,ln,12,30,26,9,right,3
LLAMA2-13b,it,25,pd,12,30,25,11,left,11
LLAMA2-13b,it,25,m5s,12,30,27,11,center,10
LLAMA2-13b,it,25,ln,12,30,26,11,right,4
LLAMA2-13b,it,25,fdi,12,30,28,12,right,6
LLAMA2-13b,it,25,fi,12,30,27,11,right,7
LLAMA2-13b,it,0,pd,2,30,25,2,left,2
LLAMA2-13b,it,0,m5s,2,30,27,2,center,2
LLAMA2-13b,it,0,ln,2,30,26,1,right,0
LLAMA2-13b,it,0,fdi,2,30,28,2,right,0
LLAMA2-13b,it,0,fi,2,30,27,1,right,0
MISTRAL-7b,it,24,fi,4,30,27,2,right,2
MISTRAL-7b,it,24,pd,4,30,25,4,left,3
MISTRAL-7b,it,24,m5s,4,30,27,4,center,3
MISTRAL-7b,it,24,fdi,4,30,28,4,right,2
MISTRAL-7b,it,24,ln,4,30,26,2,right,1
MISTRAL-7b,it,0,fdi,4,30,28,4,right,2
MISTRAL-7b,it,0,m5s,4,30,27,4,center,4
MISTRAL-7b,it,0,pd,4,30,25,4,left,4
MISTRAL-7b,it,0,ln,4,30,26,3,right,2
MISTRAL-7b,it,0,fi,4,30,27,2,right,2
FLAN-T5-XXL-11b,it,20,fi,12,30,27,11,right,8
FLAN-T5-XXL-11b,it,20,pd,12,30,25,10,left,8
FLAN-T5-XXL-11b,it,20,m5s,12,30,27,11,center,7
FLAN-T5-XXL-11b,it,20,fdi,12,30,28,12,right,7
FLAN-T5-XXL-11b,it,20,ln,12,30,26,11,right,5
LLAMA2-70b,it,24,fi,14,30,27,12,right,8
LLAMA2-70b,it,24,pd,14,30,25,13,left,11
LLAMA2-70b,it,24,m5s,14,30,27,13,center,10
LLAMA2-70b,it,24,fdi,14,30,28,14,right,7
LLAMA2-70b,it,24,ln,14,30,26,12,right,5
GPT3.5-turbo-20b,it,19,pd,13,30,25,12,left,10
GPT3.5-turbo-20b,it,19,m5s,13,30,27,11,center,8
GPT3.5-turbo-20b,it,19,ln,13,30,26,11,right,5
GPT3.5-turbo-20b,it,19,fdi,13,30,28,13,right,6
GPT3.5-turbo-20b,it,19,fi,13,30,27,11,right,7
LLAMA2-13b,it,4,fi,14,30,27,13,right,8
LLAMA2-13b,it,4,pd,14,30,25,12,left,10
LLAMA2-13b,it,4,m5s,14,30,27,13,center,8
LLAMA2-13b,it,4,fdi,14,30,28,14,right,7
LLAMA2-13b,it,4,ln,14,30,26,12,right,6
MISTRAL-7b,it,5,fi,6,30,27,4,right,2
MISTRAL-7b,it,5,pd,6,30,25,6,left,5
MISTRAL-7b,it,5,m5s,6,30,27,6,center,5
MISTRAL-7b,it,5,fdi,6,30,28,6,right,2
MISTRAL-7b,it,5,ln,6,30,26,4,right,1
LLAMA2-7b,it,24,fdi,3,30,28,3,right,2
LLAMA2-7b,it,24,m5s,3,30,27,3,center,3
LLAMA2-7b,it,24,pd,3,30,25,3,left,3
LLAMA2-7b,it,24,ln,3,30,26,2,right,1
LLAMA2-7b,it,24,fi,3,30,27,2,right,2
FLAN-T5-XXL-11b,it,5,fi,16,30,27,14,right,9
FLAN-T5-XXL-11b,it,5,pd,16,30,25,14,left,12
FLAN-T5-XXL-11b,it,5,m5s,16,30,27,14,center,9
FLAN-T5-XXL-11b,it,5,fdi,16,30,28,16,right,8
FLAN-T5-XXL-11b,it,5,ln,16,30,26,14,right,5
GPT3.5-turbo-20b,it,4,pd,15,30,25,14,left,11
GPT3.5-turbo-20b,it,4,m5s,15,30,27,13,center,9
GPT3.5-turbo-20b,it,4,ln,15,30,26,13,right,6
GPT3.5-turbo-20b,it,4,fdi,15,30,28,15,right,8
GPT3.5-turbo-20b,it,4,fi,15,30,27,13,right,9
LLAMA2-70b,it,0,fi,11,30,27,9,right,6
LLAMA2-70b,it,0,pd,11,30,25,10,left,9
LLAMA2-70b,it,0,m5s,11,30,27,10,center,8
LLAMA2-70b,it,0,fdi,11,30,28,11,right,5
LLAMA2-70b,it,0,ln,11,30,26,9,right,3
MISTRAL-7b,it,4,fi,2,30,27,1,right,1
MISTRAL-7b,it,4,pd,2,30,25,2,left,2
MISTRAL-7b,it,4,m5s,2,30,27,2,center,2
MISTRAL-7b,it,4,fdi,2,30,28,2,right,1
MISTRAL-7b,it,4,ln,2,30,26,1,right,0
LLAMA2-7b,it,25,fi,2,30,27,2,right,1
LLAMA2-7b,it,25,pd,2,30,25,2,left,2
LLAMA2-7b,it,25,m5s,2,30,27,2,center,2
LLAMA2-7b,it,25,fdi,2,30,28,2,right,1
LLAMA2-7b,it,25,ln,2,30,26,1,right,0
LLAMA2-70b,it,20,fi,14,30,27,12,right,8
LLAMA2-70b,it,20,pd,14,30,25,13,left,11
LLAMA2-70b,it,20,m5s,14,30,27,13,center,10
LLAMA2-70b,it,20,fdi,14,30,28,14,right,7
LLAMA2-70b,it,20,ln,14,30,26,12,right,5
FLAN-T5-XXL-11b,it,24,fi,19,30,27,17,right,12
FLAN-T5-XXL-11b,it,24,pd,19,30,25,15,left,13
FLAN-T5-XXL-11b,it,24,m5s,19,30,27,17,center,11
FLAN-T5-XXL-11b,it,24,fdi,19,30,28,19,right,11
FLAN-T5-XXL-11b,it,24,ln,19,30,26,17,right,8
LLAMA2-70b,it,5,fi,15,30,27,13,right,10
LLAMA2-70b,it,5,pd,15,30,25,14,left,12
LLAMA2-70b,it,5,m5s,15,30,27,13,center,10
LLAMA2-70b,it,5,fdi,15,30,28,15,right,9
LLAMA2-70b,it,5,ln,15,30,26,13,right,6
FLAN-T5-XXL-11b,it,25,pd,14,30,25,13,left,11
FLAN-T5-XXL-11b,it,25,m5s,14,30,27,12,center,9
FLAN-T5-XXL-11b,it,25,ln,14,30,26,13,right,4
FLAN-T5-XXL-11b,it,25,fdi,14,30,28,13,right,6
FLAN-T5-XXL-11b,it,25,fi,14,30,27,12,right,8
GPT3.5-turbo-20b,it,5,fi,15,30,27,13,right,9
GPT3.5-turbo-20b,it,5,pd,15,30,25,14,left,12
GPT3.5-turbo-20b,it,5,m5s,15,30,27,13,center,10
GPT3.5-turbo-20b,it,5,fdi,15,30,28,15,right,8
GPT3.5-turbo-20b,it,5,ln,15,30,26,13,right,5
MISTRAL-7b,it,25,fi,3,30,27,1,right,1
MISTRAL-7b,it,25,pd,3,30,25,3,left,3
MISTRAL-7b,it,25,m5s,3,30,27,3,center,3
MISTRAL-7b,it,25,fdi,3,30,28,3,right,1
MISTRAL-7b,it,25,ln,3,30,26,1,right,0
MISTRAL-7b,it,20,fi,2,30,27,1,right,1
MISTRAL-7b,it,20,pd,2,30,25,2,left,2
MISTRAL-7b,it,20,m5s,2,30,27,2,center,2
MISTRAL-7b,it,20,fdi,2,30,28,2,right,1
MISTRAL-7b,it,20,ln,2,30,26,1,right,0
GPT3.5-turbo-20b,it,18,pd,11,30,25,11,left,9
GPT3.5-turbo-20b,it,18,m5s,11,30,27,9,center,7
GPT3.5-turbo-20b,it,18,ln,11,30,26,10,right,4
GPT3.5-turbo-20b,it,18,fdi,11,30,28,11,right,6
GPT3.5-turbo-20b,it,18,fi,11,30,27,10,right,7
LLAMA2-70b,it,4,fi,17,30,27,15,right,9
LLAMA2-70b,it,4,pd,17,30,25,15,left,12
LLAMA2-70b,it,4,m5s,17,30,27,15,center,11
LLAMA2-70b,it,4,fdi,17,30,28,17,right,8
LLAMA2-70b,it,4,ln,17,30,26,14,right,5
FLAN-T5-XXL-11b,it,4,pd,12,30,25,11,left,9
FLAN-T5-XXL-11b,it,4,m5s,12,30,27,11,center,8
FLAN-T5-XXL-11b,it,4,ln,12,30,26,11,right,5
FLAN-T5-XXL-11b,it,4,fdi,12,30,28,12,right,5
FLAN-T5-XXL-11b,it,4,fi,12,30,27,10,right,6
LLAMA2-13b,it,20,pd,12,30,25,11,left,9
LLAMA2-13b,it,20,m5s,12,30,27,10,center,7
LLAMA2-13b,it,20,ln,12,30,26,11,right,4
LLAMA2-13b,it,20,fdi,12,30,28,12,right,6
LLAMA2-13b,it,20,fi,12,30,27,11,right,7
GPT3.5-turbo-20b,it,24,fi,17,30,27,15,right,12
GPT3.5-turbo-20b,it,24,pd,17,30,25,15,left,13
GPT3.5-turbo-20b,it,24,m5s,17,30,27,15,center,11
GPT3.5-turbo-20b,it,24,fdi,17,30,28,17,right,11
GPT3.5-turbo-20b,it,24,ln,17,30,26,15,right,8
LLAMA2-70b,hu,25,fidesz-kdnp,19,37,40,19,right,3
LLAMA2-7b,hu,4,fidesz-kdnp,3,37,40,3,right,0
LLAMA2-7b,hu,5,fidesz-kdnp,11,37,40,11,right,1
FLAN-T5-XXL-11b,hu,0,fidesz-kdnp,8,37,40,8,right,3
GPT3.5-turbo-20b,hu,25,fidesz-kdnp,18,37,40,18,right,4
LLAMA2-13b,hu,5,fidesz-kdnp,17,37,40,17,right,2
LLAMA2-13b,hu,24,fidesz-kdnp,15,37,40,15,right,2
LLAMA2-7b,hu,0,fidesz-kdnp,2,37,40,2,right,0
LLAMA2-7b,hu,20,fidesz-kdnp,14,37,40,14,right,2
LLAMA2-13b,hu,25,fidesz-kdnp,19,37,40,19,right,3
LLAMA2-13b,hu,0,fidesz-kdnp,10,37,40,10,right,2
MISTRAL-7b,hu,24,fidesz-kdnp,9,37,40,9,right,3
MISTRAL-7b,hu,0,fidesz-kdnp,12,37,40,12,right,2
FLAN-T5-XXL-11b,hu,20,fidesz-kdnp,16,37,40,16,right,2
LLAMA2-70b,hu,24,fidesz-kdnp,18,37,40,18,right,3
GPT3.5-turbo-20b,hu,19,fidesz-kdnp,21,37,40,21,right,3
LLAMA2-13b,hu,4,fidesz-kdnp,15,37,40,15,right,3
MISTRAL-7b,hu,5,fidesz-kdnp,12,37,40,12,right,3
LLAMA2-7b,hu,24,fidesz-kdnp,3,37,40,3,right,0
FLAN-T5-XXL-11b,hu,5,fidesz-kdnp,21,37,40,21,right,7
GPT3.5-turbo-20b,hu,4,fidesz-kdnp,23,37,40,23,right,3
LLAMA2-70b,hu,0,fidesz-kdnp,17,37,40,17,right,3
MISTRAL-7b,hu,4,fidesz-kdnp,11,37,40,11,right,2
LLAMA2-7b,hu,25,fidesz-kdnp,2,37,40,2,right,1
LLAMA2-70b,hu,20,fidesz-kdnp,18,37,40,18,right,3
FLAN-T5-XXL-11b,hu,24,fidesz-kdnp,22,37,40,22,right,6
LLAMA2-70b,hu,5,fidesz-kdnp,21,37,40,21,right,4
FLAN-T5-XXL-11b,hu,25,fidesz-kdnp,13,37,40,13,right,5
GPT3.5-turbo-20b,hu,5,fidesz-kdnp,19,37,40,19,right,3
MISTRAL-7b,hu,25,fidesz-kdnp,7,37,40,7,right,2
MISTRAL-7b,hu,20,fidesz-kdnp,5,37,40,5,right,1
GPT3.5-turbo-20b,hu,18,fidesz-kdnp,16,37,40,16,right,3
LLAMA2-70b,hu,4,fidesz-kdnp,20,37,40,20,right,3
FLAN-T5-XXL-11b,hu,4,fidesz-kdnp,19,37,40,19,right,4
LLAMA2-13b,hu,20,fidesz-kdnp,15,37,40,15,right,2
GPT3.5-turbo-20b,hu,24,fidesz-kdnp,21,37,40,21,right,4
LLAMA2-70b,pl,25,psl,12,20,19,12,center,9
LLAMA2-70b,pl,25,lew+wio+sld,12,20,20,12,left,10
LLAMA2-70b,pl,25,po+nowo,12,20,20,12,center,9
LLAMA2-70b,pl,25,konfederacia,12,20,20,12,right,4
LLAMA2-70b,pl,25,pis,12,20,16,9,right,3
LLAMA2-7b,pl,5,psl,3,20,19,3,center,2
LLAMA2-7b,pl,5,lew+wio+sld,3,20,20,3,left,2
LLAMA2-7b,pl,5,po+nowo,3,20,20,3,center,2
LLAMA2-7b,pl,5,konfederacia,3,20,20,3,right,1
LLAMA2-7b,pl,5,pis,3,20,16,3,right,2
FLAN-T5-XXL-11b,pl,0,psl,1,20,19,1,center,1
FLAN-T5-XXL-11b,pl,0,lew+wio+sld,1,20,20,1,left,1
FLAN-T5-XXL-11b,pl,0,po+nowo,1,20,20,1,center,1
FLAN-T5-XXL-11b,pl,0,konfederacia,1,20,20,1,right,0
FLAN-T5-XXL-11b,pl,0,pis,1,20,16,1,right,1
GPT3.5-turbo-20b,pl,25,psl,11,20,19,11,center,7
GPT3.5-turbo-20b,pl,25,lew+wio+sld,11,20,20,11,left,9
GPT3.5-turbo-20b,pl,25,po+nowo,11,20,20,11,center,7
GPT3.5-turbo-20b,pl,25,konfederacia,11,20,20,11,right,3
GPT3.5-turbo-20b,pl,25,pis,11,20,16,9,right,3
LLAMA2-13b,pl,5,psl,9,20,19,9,center,5
LLAMA2-13b,pl,5,lew+wio+sld,9,20,20,9,left,7
LLAMA2-13b,pl,5,po+nowo,9,20,20,9,center,6
LLAMA2-13b,pl,5,konfederacia,9,20,20,9,right,2
LLAMA2-13b,pl,5,pis,9,20,16,8,right,4
LLAMA2-13b,pl,24,psl,11,20,19,11,center,7
LLAMA2-13b,pl,24,lew+wio+sld,11,20,20,11,left,9
LLAMA2-13b,pl,24,po+nowo,11,20,20,11,center,8
LLAMA2-13b,pl,24,konfederacia,11,20,20,11,right,3
LLAMA2-13b,pl,24,pis,11,20,16,9,right,4
LLAMA2-7b,pl,20,psl,7,20,19,7,center,4
LLAMA2-7b,pl,20,lew+wio+sld,7,20,20,7,left,5
LLAMA2-7b,pl,20,po+nowo,7,20,20,7,center,5
LLAMA2-7b,pl,20,konfederacia,7,20,20,7,right,1
LLAMA2-7b,pl,20,pis,7,20,16,7,right,4
LLAMA2-13b,pl,25,psl,7,20,19,7,center,5
LLAMA2-13b,pl,25,lew+wio+sld,7,20,20,7,left,5
LLAMA2-13b,pl,25,po+nowo,7,20,20,7,center,5
LLAMA2-13b,pl,25,konfederacia,7,20,20,7,right,2
LLAMA2-13b,pl,25,pis,7,20,16,7,right,3
LLAMA2-13b,pl,0,psl,4,20,19,4,center,3
LLAMA2-13b,pl,0,lew+wio+sld,4,20,20,4,left,3
LLAMA2-13b,pl,0,po+nowo,4,20,20,4,center,3
LLAMA2-13b,pl,0,konfederacia,4,20,20,4,right,1
LLAMA2-13b,pl,0,pis,4,20,16,4,right,3
MISTRAL-7b,pl,24,psl,3,20,19,3,center,1
MISTRAL-7b,pl,24,lew+wio+sld,3,20,20,3,left,1
MISTRAL-7b,pl,24,po+nowo,3,20,20,3,center,1
MISTRAL-7b,pl,24,konfederacia,3,20,20,3,right,0
MISTRAL-7b,pl,24,pis,3,20,16,3,right,2
FLAN-T5-XXL-11b,pl,20,psl,7,20,19,7,center,4
FLAN-T5-XXL-11b,pl,20,lew+wio+sld,7,20,20,7,left,6
FLAN-T5-XXL-11b,pl,20,po+nowo,7,20,20,7,center,4
FLAN-T5-XXL-11b,pl,20,konfederacia,7,20,20,7,right,2
FLAN-T5-XXL-11b,pl,20,pis,7,20,16,6,right,3
LLAMA2-70b,pl,24,psl,11,20,19,11,center,9
LLAMA2-70b,pl,24,lew+wio+sld,11,20,20,11,left,10
LLAMA2-70b,pl,24,po+nowo,11,20,20,11,center,9
LLAMA2-70b,pl,24,konfederacia,11,20,20,11,right,4
LLAMA2-70b,pl,24,pis,11,20,16,8,right,3
GPT3.5-turbo-20b,pl,19,psl,12,20,19,12,center,7
GPT3.5-turbo-20b,pl,19,lew+wio+sld,12,20,20,12,left,10
GPT3.5-turbo-20b,pl,19,po+nowo,12,20,20,12,center,9
GPT3.5-turbo-20b,pl,19,konfederacia,12,20,20,12,right,3
GPT3.5-turbo-20b,pl,19,pis,12,20,16,10,right,4
LLAMA2-13b,pl,4,psl,9,20,19,9,center,7
LLAMA2-13b,pl,4,lew+wio+sld,9,20,20,9,left,8
LLAMA2-13b,pl,4,po+nowo,9,20,20,9,center,8
LLAMA2-13b,pl,4,konfederacia,9,20,20,9,right,3
LLAMA2-13b,pl,4,pis,9,20,16,8,right,4
MISTRAL-7b,pl,5,psl,5,20,19,5,center,2
MISTRAL-7b,pl,5,lew+wio+sld,5,20,20,5,left,3
MISTRAL-7b,pl,5,po+nowo,5,20,20,5,center,3
MISTRAL-7b,pl,5,konfederacia,5,20,20,5,right,0
MISTRAL-7b,pl,5,pis,5,20,16,5,right,3
LLAMA2-7b,pl,24,psl,2,20,19,2,center,0
LLAMA2-7b,pl,24,lew+wio+sld,2,20,20,2,left,0
LLAMA2-7b,pl,24,po+nowo,2,20,20,2,center,0
LLAMA2-7b,pl,24,konfederacia,2,20,20,2,right,0
LLAMA2-7b,pl,24,pis,2,20,16,2,right,1
FLAN-T5-XXL-11b,pl,5,psl,9,20,19,8,center,6
FLAN-T5-XXL-11b,pl,5,lew+wio+sld,9,20,20,9,left,7
FLAN-T5-XXL-11b,pl,5,po+nowo,9,20,20,9,center,6
FLAN-T5-XXL-11b,pl,5,konfederacia,9,20,20,9,right,2
FLAN-T5-XXL-11b,pl,5,pis,9,20,16,8,right,5
GPT3.5-turbo-20b,pl,4,psl,14,20,19,14,center,8
GPT3.5-turbo-20b,pl,4,lew+wio+sld,14,20,20,14,left,12
GPT3.5-turbo-20b,pl,4,po+nowo,14,20,20,14,center,10
GPT3.5-turbo-20b,pl,4,konfederacia,14,20,20,14,right,4
GPT3.5-turbo-20b,pl,4,pis,14,20,16,12,right,4
LLAMA2-70b,pl,0,psl,6,20,19,6,center,4
LLAMA2-70b,pl,0,lew+wio+sld,6,20,20,6,left,5
LLAMA2-70b,pl,0,po+nowo,6,20,20,6,center,4
LLAMA2-70b,pl,0,konfederacia,6,20,20,6,right,1
LLAMA2-70b,pl,0,pis,6,20,16,4,right,3
MISTRAL-7b,pl,4,psl,2,20,19,2,center,1
MISTRAL-7b,pl,4,lew+wio+sld,2,20,20,2,left,1
MISTRAL-7b,pl,4,po+nowo,2,20,20,2,center,1
MISTRAL-7b,pl,4,konfederacia,2,20,20,2,right,0
MISTRAL-7b,pl,4,pis,2,20,16,2,right,1
LLAMA2-70b,pl,20,psl,13,20,19,13,center,9
LLAMA2-70b,pl,20,lew+wio+sld,13,20,20,13,left,11
LLAMA2-70b,pl,20,po+nowo,13,20,20,13,center,10
LLAMA2-70b,pl,20,konfederacia,13,20,20,13,right,4
LLAMA2-70b,pl,20,pis,13,20,16,10,right,3
FLAN-T5-XXL-11b,pl,24,psl,10,20,19,10,center,7
FLAN-T5-XXL-11b,pl,24,lew+wio+sld,10,20,20,10,left,9
FLAN-T5-XXL-11b,pl,24,po+nowo,10,20,20,10,center,8
FLAN-T5-XXL-11b,pl,24,konfederacia,10,20,20,10,right,3
FLAN-T5-XXL-11b,pl,24,pis,10,20,16,8,right,4
LLAMA2-70b,pl,5,psl,13,20,19,13,center,9
LLAMA2-70b,pl,5,lew+wio+sld,13,20,20,13,left,11
LLAMA2-70b,pl,5,po+nowo,13,20,20,13,center,10
LLAMA2-70b,pl,5,konfederacia,13,20,20,13,right,4
LLAMA2-70b,pl,5,pis,13,20,16,10,right,4
FLAN-T5-XXL-11b,pl,25,psl,9,20,19,9,center,7
FLAN-T5-XXL-11b,pl,25,lew+wio+sld,9,20,20,9,left,8
FLAN-T5-XXL-11b,pl,25,po+nowo,9,20,20,9,center,7
FLAN-T5-XXL-11b,pl,25,konfederacia,9,20,20,9,right,2
FLAN-T5-XXL-11b,pl,25,pis,9,20,16,7,right,3
GPT3.5-turbo-20b,pl,5,psl,13,20,19,12,center,8
GPT3.5-turbo-20b,pl,5,lew+wio+sld,13,20,20,13,left,11
GPT3.5-turbo-20b,pl,5,po+nowo,13,20,20,13,center,10
GPT3.5-turbo-20b,pl,5,konfederacia,13,20,20,13,right,4
GPT3.5-turbo-20b,pl,5,pis,13,20,16,12,right,5
GPT3.5-turbo-20b,pl,18,psl,11,20,19,11,center,7
GPT3.5-turbo-20b,pl,18,lew+wio+sld,11,20,20,11,left,9
GPT3.5-turbo-20b,pl,18,po+nowo,11,20,20,11,center,8
GPT3.5-turbo-20b,pl,18,konfederacia,11,20,20,11,right,3
GPT3.5-turbo-20b,pl,18,pis,11,20,16,10,right,4
LLAMA2-70b,pl,4,psl,15,20,19,15,center,9
LLAMA2-70b,pl,4,lew+wio+sld,15,20,20,15,left,13
LLAMA2-70b,pl,4,po+nowo,15,20,20,15,center,11
LLAMA2-70b,pl,4,konfederacia,15,20,20,15,right,4
LLAMA2-70b,pl,4,pis,15,20,16,12,right,4
FLAN-T5-XXL-11b,pl,4,psl,7,20,19,7,center,4
FLAN-T5-XXL-11b,pl,4,lew+wio+sld,7,20,20,7,left,6
FLAN-T5-XXL-11b,pl,4,po+nowo,7,20,20,7,center,4
FLAN-T5-XXL-11b,pl,4,konfederacia,7,20,20,7,right,1
FLAN-T5-XXL-11b,pl,4,pis,7,20,16,5,right,3
LLAMA2-13b,pl,20,psl,13,20,19,12,center,7
LLAMA2-13b,pl,20,lew+wio+sld,13,20,20,13,left,11
LLAMA2-13b,pl,20,po+nowo,13,20,20,13,center,10
LLAMA2-13b,pl,20,konfederacia,13,20,20,13,right,3
LLAMA2-13b,pl,20,pis,13,20,16,11,right,5
GPT3.5-turbo-20b,pl,24,psl,12,20,19,12,center,8
GPT3.5-turbo-20b,pl,24,lew+wio+sld,12,20,20,12,left,10
GPT3.5-turbo-20b,pl,24,po+nowo,12,20,20,12,center,8
GPT3.5-turbo-20b,pl,24,konfederacia,12,20,20,12,right,4
GPT3.5-turbo-20b,pl,24,pis,12,20,16,10,right,3
LLAMA2-70b,es,25,erc,10,24,24,10,left,9
LLAMA2-70b,es,25,pdecat,10,24,17,7,right,5
LLAMA2-70b,es,25,psoe,10,24,21,8,left,5
LLAMA2-70b,es,25,ppp,10,24,18,9,right,0
LLAMA2-70b,es,25,vox,10,24,23,10,right,1
LLAMA2-7b,es,4,vox,1,24,23,1,right,0
LLAMA2-7b,es,4,ppp,1,24,18,1,right,0
LLAMA2-7b,es,4,psoe,1,24,21,1,left,1
LLAMA2-7b,es,4,erc,1,24,24,1,left,1
LLAMA2-7b,es,4,pdecat,1,24,17,1,right,1
LLAMA2-7b,es,5,erc,5,24,24,5,left,4
LLAMA2-7b,es,5,pdecat,5,24,17,4,right,3
LLAMA2-7b,es,5,vox,5,24,23,5,right,1
LLAMA2-7b,es,5,ppp,5,24,18,4,right,0
LLAMA2-7b,es,5,psoe,5,24,21,5,left,2
FLAN-T5-XXL-11b,es,0,ppp,6,24,18,5,right,1
FLAN-T5-XXL-11b,es,0,erc,6,24,24,6,left,4
FLAN-T5-XXL-11b,es,0,psoe,6,24,21,5,left,2
FLAN-T5-XXL-11b,es,0,vox,6,24,23,5,right,1
FLAN-T5-XXL-11b,es,0,pdecat,6,24,17,3,right,2
GPT3.5-turbo-20b,es,25,vox,12,24,23,12,right,1
GPT3.5-turbo-20b,es,25,ppp,12,24,18,10,right,0
GPT3.5-turbo-20b,es,25,pdecat,12,24,17,10,right,8
GPT3.5-turbo-20b,es,25,psoe,12,24,21,11,left,8
GPT3.5-turbo-20b,es,25,erc,12,24,24,12,left,11
LLAMA2-13b,es,5,erc,12,24,24,12,left,10
LLAMA2-13b,es,5,pdecat,12,24,17,9,right,8
LLAMA2-13b,es,5,psoe,12,24,21,12,left,9
LLAMA2-13b,es,5,ppp,12,24,18,10,right,1
LLAMA2-13b,es,5,vox,12,24,23,12,right,2
LLAMA2-13b,es,24,erc,8,24,24,8,left,7
LLAMA2-13b,es,24,pdecat,8,24,17,7,right,6
LLAMA2-13b,es,24,psoe,8,24,21,8,left,5
LLAMA2-13b,es,24,ppp,8,24,18,7,right,0
LLAMA2-13b,es,24,vox,8,24,23,8,right,1
LLAMA2-7b,es,20,vox,10,24,23,10,right,1
LLAMA2-7b,es,20,ppp,10,24,18,9,right,0
LLAMA2-7b,es,20,pdecat,10,24,17,9,right,6
LLAMA2-7b,es,20,psoe,10,24,21,8,left,5
LLAMA2-7b,es,20,erc,10,24,24,10,left,9
LLAMA2-13b,es,25,erc,8,24,24,8,left,7
LLAMA2-13b,es,25,pdecat,8,24,17,7,right,6
LLAMA2-13b,es,25,psoe,8,24,21,8,left,5
LLAMA2-13b,es,25,ppp,8,24,18,7,right,0
LLAMA2-13b,es,25,vox,8,24,23,8,right,1
LLAMA2-13b,es,0,vox,2,24,23,2,right,1
LLAMA2-13b,es,0,psoe,2,24,21,2,left,1
LLAMA2-13b,es,0,erc,2,24,24,2,left,1
LLAMA2-13b,es,0,pdecat,2,24,17,1,right,0
LLAMA2-13b,es,0,ppp,2,24,18,1,right,0
MISTRAL-7b,es,24,vox,4,24,23,4,right,0
MISTRAL-7b,es,24,ppp,4,24,18,4,right,0
MISTRAL-7b,es,24,pdecat,4,24,17,3,right,3
MISTRAL-7b,es,24,psoe,4,24,21,4,left,3
MISTRAL-7b,es,24,erc,4,24,24,4,left,4
MISTRAL-7b,es,0,erc,2,24,24,2,left,2
MISTRAL-7b,es,0,pdecat,2,24,17,1,right,1
MISTRAL-7b,es,0,psoe,2,24,21,2,left,2
MISTRAL-7b,es,0,ppp,2,24,18,2,right,0
MISTRAL-7b,es,0,vox,2,24,23,2,right,0
FLAN-T5-XXL-11b,es,20,erc,9,24,24,9,left,6
FLAN-T5-XXL-11b,es,20,pdecat,9,24,17,6,right,5
FLAN-T5-XXL-11b,es,20,psoe,9,24,21,9,left,5
FLAN-T5-XXL-11b,es,20,ppp,9,24,18,7,right,2
FLAN-T5-XXL-11b,es,20,vox,9,24,23,9,right,3
LLAMA2-70b,es,24,erc,10,24,24,10,left,9
LLAMA2-70b,es,24,pdecat,10,24,17,7,right,5
LLAMA2-70b,es,24,psoe,10,24,21,8,left,5
LLAMA2-70b,es,24,ppp,10,24,18,9,right,0
LLAMA2-70b,es,24,vox,10,24,23,10,right,1
GPT3.5-turbo-20b,es,19,erc,10,24,24,10,left,9
GPT3.5-turbo-20b,es,19,pdecat,10,24,17,8,right,6
GPT3.5-turbo-20b,es,19,psoe,10,24,21,9,left,6
GPT3.5-turbo-20b,es,19,ppp,10,24,18,8,right,0
GPT3.5-turbo-20b,es,19,vox,10,24,23,10,right,1
LLAMA2-13b,es,4,erc,7,24,24,7,left,6
LLAMA2-13b,es,4,pdecat,7,24,17,6,right,5
LLAMA2-13b,es,4,psoe,7,24,21,7,left,4
LLAMA2-13b,es,4,ppp,7,24,18,6,right,0
LLAMA2-13b,es,4,vox,7,24,23,7,right,1
MISTRAL-7b,es,5,vox,10,24,23,10,right,2
MISTRAL-7b,es,5,ppp,10,24,18,9,right,1
MISTRAL-7b,es,5,pdecat,10,24,17,7,right,5
MISTRAL-7b,es,5,psoe,10,24,21,9,left,6
MISTRAL-7b,es,5,erc,10,24,24,10,left,8
LLAMA2-7b,es,24,vox,2,24,23,2,right,0
LLAMA2-7b,es,24,ppp,2,24,18,2,right,0
LLAMA2-7b,es,24,psoe,2,24,21,2,left,2
LLAMA2-7b,es,24,erc,2,24,24,2,left,2
LLAMA2-7b,es,24,pdecat,2,24,17,2,right,2
FLAN-T5-XXL-11b,es,5,erc,14,24,24,14,left,11
FLAN-T5-XXL-11b,es,5,pdecat,14,24,17,9,right,7
FLAN-T5-XXL-11b,es,5,psoe,14,24,21,12,left,8
FLAN-T5-XXL-11b,es,5,ppp,14,24,18,12,right,2
FLAN-T5-XXL-11b,es,5,vox,14,24,23,14,right,3
GPT3.5-turbo-20b,es,4,erc,10,24,24,10,left,9
GPT3.5-turbo-20b,es,4,pdecat,10,24,17,8,right,6
GPT3.5-turbo-20b,es,4,psoe,10,24,21,9,left,6
GPT3.5-turbo-20b,es,4,ppp,10,24,18,8,right,0
GPT3.5-turbo-20b,es,4,vox,10,24,23,10,right,1
LLAMA2-70b,es,0,erc,7,24,24,7,left,6
LLAMA2-70b,es,0,pdecat,7,24,17,4,right,2
LLAMA2-70b,es,0,psoe,7,24,21,5,left,3
LLAMA2-70b,es,0,ppp,7,24,18,6,right,0
LLAMA2-70b,es,0,vox,7,24,23,7,right,1
MISTRAL-7b,es,4,erc,4,24,24,4,left,3
MISTRAL-7b,es,4,pdecat,4,24,17,3,right,2
MISTRAL-7b,es,4,vox,4,24,23,4,right,1
MISTRAL-7b,es,4,ppp,4,24,18,3,right,0
MISTRAL-7b,es,4,psoe,4,24,21,4,left,1
LLAMA2-7b,es,25,vox,1,24,23,1,right,0
LLAMA2-7b,es,25,ppp,1,24,18,1,right,0
LLAMA2-7b,es,25,psoe,1,24,21,1,left,1
LLAMA2-7b,es,25,erc,1,24,24,1,left,1
LLAMA2-7b,es,25,pdecat,1,24,17,1,right,1
LLAMA2-70b,es,20,erc,9,24,24,9,left,8
LLAMA2-70b,es,20,pdecat,9,24,17,6,right,4
LLAMA2-70b,es,20,psoe,9,24,21,7,left,4
LLAMA2-70b,es,20,ppp,9,24,18,8,right,0
LLAMA2-70b,es,20,vox,9,24,23,9,right,1
FLAN-T5-XXL-11b,es,24,erc,14,24,24,14,left,11
FLAN-T5-XXL-11b,es,24,pdecat,14,24,17,9,right,7
FLAN-T5-XXL-11b,es,24,psoe,14,24,21,12,left,8
FLAN-T5-XXL-11b,es,24,ppp,14,24,18,12,right,2
FLAN-T5-XXL-11b,es,24,vox,14,24,23,14,right,3
LLAMA2-70b,es,5,erc,11,24,24,11,left,10
LLAMA2-70b,es,5,pdecat,11,24,17,9,right,7
LLAMA2-70b,es,5,psoe,11,24,21,10,left,7
LLAMA2-70b,es,5,ppp,11,24,18,9,right,0
LLAMA2-70b,es,5,vox,11,24,23,11,right,1
FLAN-T5-XXL-11b,es,25,erc,10,24,24,10,left,9
FLAN-T5-XXL-11b,es,25,pdecat,10,24,17,6,right,5
FLAN-T5-XXL-11b,es,25,psoe,10,24,21,8,left,5
FLAN-T5-XXL-11b,es,25,ppp,10,24,18,9,right,1
FLAN-T5-XXL-11b,es,25,vox,10,24,23,10,right,1
GPT3.5-turbo-20b,es,5,erc,12,24,24,12,left,11
GPT3.5-turbo-20b,es,5,pdecat,12,24,17,10,right,8
GPT3.5-turbo-20b,es,5,psoe,12,24,21,11,left,8
GPT3.5-turbo-20b,es,5,ppp,12,24,18,10,right,0
GPT3.5-turbo-20b,es,5,vox,12,24,23,12,right,1
MISTRAL-7b,es,25,vox,2,24,23,2,right,1
MISTRAL-7b,es,25,psoe,2,24,21,2,left,1
MISTRAL-7b,es,25,erc,2,24,24,2,left,1
MISTRAL-7b,es,25,pdecat,2,24,17,1,right,0
MISTRAL-7b,es,25,ppp,2,24,18,1,right,0
MISTRAL-7b,es,20,erc,1,24,24,1,left,1
MISTRAL-7b,es,20,psoe,1,24,21,1,left,1
MISTRAL-7b,es,20,vox,1,24,23,1,right,0
MISTRAL-7b,es,20,ppp,1,24,18,1,right,0
MISTRAL-7b,es,20,pdecat,1,24,17,0,right,0
GPT3.5-turbo-20b,es,18,erc,11,24,24,11,left,10
GPT3.5-turbo-20b,es,18,pdecat,11,24,17,8,right,7
GPT3.5-turbo-20b,es,18,psoe,11,24,21,10,left,8
GPT3.5-turbo-20b,es,18,ppp,11,24,18,10,right,1
GPT3.5-turbo-20b,es,18,vox,11,24,23,11,right,1
LLAMA2-70b,es,4,erc,13,24,24,13,left,12
LLAMA2-70b,es,4,pdecat,13,24,17,9,right,7
LLAMA2-70b,es,4,psoe,13,24,21,11,left,8
LLAMA2-70b,es,4,ppp,13,24,18,11,right,0
LLAMA2-70b,es,4,vox,13,24,23,13,right,2
FLAN-T5-XXL-11b,es,4,erc,6,24,24,6,left,6
FLAN-T5-XXL-11b,es,4,pdecat,6,24,17,4,right,4
FLAN-T5-XXL-11b,es,4,psoe,6,24,21,5,left,3
FLAN-T5-XXL-11b,es,4,ppp,6,24,18,6,right,0
FLAN-T5-XXL-11b,es,4,vox,6,24,23,6,right,0
LLAMA2-13b,es,20,erc,7,24,24,7,left,6
LLAMA2-13b,es,20,pdecat,7,24,17,6,right,5
LLAMA2-13b,es,20,psoe,7,24,21,7,left,4
LLAMA2-13b,es,20,ppp,7,24,18,6,right,0
LLAMA2-13b,es,20,vox,7,24,23,7,right,1
GPT3.5-turbo-20b,es,24,vox,13,24,23,13,right,2
GPT3.5-turbo-20b,es,24,ppp,13,24,18,11,right,1
GPT3.5-turbo-20b,es,24,pdecat,13,24,17,10,right,8
GPT3.5-turbo-20b,es,24,psoe,13,24,21,12,left,9
GPT3.5-turbo-20b,es,24,erc,13,24,24,13,left,11
LLAMA2-70b,ch,25,fdp_ch,27,60,60,27,center,8
LLAMA2-70b,ch,25,evp,27,60,60,27,center,21
LLAMA2-70b,ch,25,grüne,27,60,60,27,left,24
LLAMA2-70b,ch,25,sp,27,60,60,27,left,24
LLAMA2-70b,ch,25,svp,27,60,60,27,right,3
LLAMA2-70b,ch,25,die-mitte,27,60,60,27,center,13
LLAMA2-7b,ch,4,fdp_ch,3,60,60,3,center,2
LLAMA2-7b,ch,4,evp,3,60,60,3,center,3
LLAMA2-7b,ch,4,grüne,3,60,60,3,left,3
LLAMA2-7b,ch,4,sp,3,60,60,3,left,3
LLAMA2-7b,ch,4,svp,3,60,60,3,right,0
LLAMA2-7b,ch,4,die-mitte,3,60,60,3,center,2
LLAMA2-7b,ch,5,fdp_ch,6,60,60,6,center,5
LLAMA2-7b,ch,5,evp,6,60,60,6,center,5
LLAMA2-7b,ch,5,grüne,6,60,60,6,left,6
LLAMA2-7b,ch,5,sp,6,60,60,6,left,6
LLAMA2-7b,ch,5,svp,6,60,60,6,right,1
LLAMA2-7b,ch,5,die-mitte,6,60,60,6,center,5
FLAN-T5-XXL-11b,ch,0,fdp_ch,16,60,60,16,center,6
FLAN-T5-XXL-11b,ch,0,evp,16,60,60,16,center,14
FLAN-T5-XXL-11b,ch,0,grüne,16,60,60,16,left,14
FLAN-T5-XXL-11b,ch,0,sp,16,60,60,16,left,14
FLAN-T5-XXL-11b,ch,0,svp,16,60,60,16,right,3
FLAN-T5-XXL-11b,ch,0,die-mitte,16,60,60,16,center,10
GPT3.5-turbo-20b,ch,25,fdp_ch,23,60,60,23,center,10
GPT3.5-turbo-20b,ch,25,evp,23,60,60,23,center,18
GPT3.5-turbo-20b,ch,25,grüne,23,60,60,23,left,21
GPT3.5-turbo-20b,ch,25,sp,23,60,60,23,left,21
GPT3.5-turbo-20b,ch,25,svp,23,60,60,23,right,3
GPT3.5-turbo-20b,ch,25,die-mitte,23,60,60,23,center,12
LLAMA2-13b,ch,5,fdp_ch,25,60,60,25,center,12
LLAMA2-13b,ch,5,evp,25,60,60,25,center,16
LLAMA2-13b,ch,5,grüne,25,60,60,25,left,19
LLAMA2-13b,ch,5,sp,25,60,60,25,left,19
LLAMA2-13b,ch,5,svp,25,60,60,25,right,6
LLAMA2-13b,ch,5,die-mitte,25,60,60,25,center,11
LLAMA2-13b,ch,24,fdp_ch,28,60,60,28,center,12
LLAMA2-13b,ch,24,evp,28,60,60,28,center,19
LLAMA2-13b,ch,24,grüne,28,60,60,28,left,23
LLAMA2-13b,ch,24,sp,28,60,60,28,left,22
LLAMA2-13b,ch,24,svp,28,60,60,28,right,6
LLAMA2-13b,ch,24,die-mitte,28,60,60,28,center,13
LLAMA2-7b,ch,0,fdp_ch,2,60,60,2,center,1
LLAMA2-7b,ch,0,evp,2,60,60,2,center,1
LLAMA2-7b,ch,0,grüne,2,60,60,2,left,2
LLAMA2-7b,ch,0,sp,2,60,60,2,left,2
LLAMA2-7b,ch,0,svp,2,60,60,2,right,0
LLAMA2-7b,ch,0,die-mitte,2,60,60,2,center,2
LLAMA2-7b,ch,20,fdp_ch,16,60,60,16,center,7
LLAMA2-7b,ch,20,evp,16,60,60,16,center,13
LLAMA2-7b,ch,20,grüne,16,60,60,16,left,15
LLAMA2-7b,ch,20,sp,16,60,60,16,left,15
LLAMA2-7b,ch,20,svp,16,60,60,16,right,2
LLAMA2-7b,ch,20,die-mitte,16,60,60,16,center,8
LLAMA2-13b,ch,25,fdp_ch,24,60,60,24,center,11
LLAMA2-13b,ch,25,evp,24,60,60,24,center,17
LLAMA2-13b,ch,25,grüne,24,60,60,24,left,20
LLAMA2-13b,ch,25,sp,24,60,60,24,left,20
LLAMA2-13b,ch,25,svp,24,60,60,24,right,4
LLAMA2-13b,ch,25,die-mitte,24,60,60,24,center,12
LLAMA2-13b,ch,0,fdp_ch,8,60,60,8,center,4
LLAMA2-13b,ch,0,evp,8,60,60,8,center,7
LLAMA2-13b,ch,0,grüne,8,60,60,8,left,8
LLAMA2-13b,ch,0,sp,8,60,60,8,left,8
LLAMA2-13b,ch,0,svp,8,60,60,8,right,1
LLAMA2-13b,ch,0,die-mitte,8,60,60,8,center,6
MISTRAL-7b,ch,24,fdp_ch,9,60,60,9,center,4
MISTRAL-7b,ch,24,evp,9,60,60,9,center,8
MISTRAL-7b,ch,24,grüne,9,60,60,9,left,9
MISTRAL-7b,ch,24,sp,9,60,60,9,left,9
MISTRAL-7b,ch,24,svp,9,60,60,9,right,1
MISTRAL-7b,ch,24,die-mitte,9,60,60,9,center,7
MISTRAL-7b,ch,0,fdp_ch,13,60,60,13,center,6
MISTRAL-7b,ch,0,evp,13,60,60,13,center,11
MISTRAL-7b,ch,0,grüne,13,60,60,13,left,12
MISTRAL-7b,ch,0,sp,13,60,60,13,left,12
MISTRAL-7b,ch,0,svp,13,60,60,13,right,2
MISTRAL-7b,ch,0,die-mitte,13,60,60,13,center,9
FLAN-T5-XXL-11b,ch,20,fdp_ch,23,60,60,23,center,9
FLAN-T5-XXL-11b,ch,20,evp,23,60,60,23,center,17
FLAN-T5-XXL-11b,ch,20,grüne,23,60,60,23,left,18
FLAN-T5-XXL-11b,ch,20,sp,23,60,60,23,left,18
FLAN-T5-XXL-11b,ch,20,svp,23,60,60,23,right,5
FLAN-T5-XXL-11b,ch,20,die-mitte,23,60,60,23,center,11
LLAMA2-70b,ch,24,fdp_ch,31,60,60,31,center,9
LLAMA2-70b,ch,24,evp,31,60,60,31,center,21
LLAMA2-70b,ch,24,grüne,31,60,60,31,left,28
LLAMA2-70b,ch,24,sp,31,60,60,31,left,26
LLAMA2-70b,ch,24,svp,31,60,60,31,right,4
LLAMA2-70b,ch,24,die-mitte,31,60,60,31,center,13
GPT3.5-turbo-20b,ch,19,fdp_ch,29,60,60,29,center,10
GPT3.5-turbo-20b,ch,19,evp,29,60,60,29,center,21
GPT3.5-turbo-20b,ch,19,grüne,29,60,60,29,left,26
GPT3.5-turbo-20b,ch,19,sp,29,60,60,29,left,25
GPT3.5-turbo-20b,ch,19,svp,29,60,60,29,right,3
GPT3.5-turbo-20b,ch,19,die-mitte,29,60,60,29,center,13
LLAMA2-13b,ch,4,fdp_ch,24,60,60,24,center,11
LLAMA2-13b,ch,4,evp,24,60,60,24,center,17
LLAMA2-13b,ch,4,grüne,24,60,60,24,left,21
LLAMA2-13b,ch,4,sp,24,60,60,24,left,21
LLAMA2-13b,ch,4,svp,24,60,60,24,right,3
LLAMA2-13b,ch,4,die-mitte,24,60,60,24,center,13
MISTRAL-7b,ch,5,fdp_ch,12,60,60,12,center,7
MISTRAL-7b,ch,5,evp,12,60,60,12,center,9
MISTRAL-7b,ch,5,grüne,12,60,60,12,left,10
MISTRAL-7b,ch,5,sp,12,60,60,12,left,10
MISTRAL-7b,ch,5,svp,12,60,60,12,right,3
MISTRAL-7b,ch,5,die-mitte,12,60,60,12,center,8
LLAMA2-7b,ch,24,fdp_ch,1,60,60,1,center,0
LLAMA2-7b,ch,24,evp,1,60,60,1,center,1
LLAMA2-7b,ch,24,grüne,1,60,60,1,left,1
LLAMA2-7b,ch,24,sp,1,60,60,1,left,1
LLAMA2-7b,ch,24,svp,1,60,60,1,right,0
LLAMA2-7b,ch,24,die-mitte,1,60,60,1,center,0
FLAN-T5-XXL-11b,ch,5,fdp_ch,34,60,60,34,center,13
FLAN-T5-XXL-11b,ch,5,evp,34,60,60,34,center,23
FLAN-T5-XXL-11b,ch,5,grüne,34,60,60,34,left,25
FLAN-T5-XXL-11b,ch,5,sp,34,60,60,34,left,24
FLAN-T5-XXL-11b,ch,5,svp,34,60,60,34,right,9
FLAN-T5-XXL-11b,ch,5,die-mitte,34,60,60,34,center,16
GPT3.5-turbo-20b,ch,4,fdp_ch,30,60,60,30,center,11
GPT3.5-turbo-20b,ch,4,evp,30,60,60,30,center,22
GPT3.5-turbo-20b,ch,4,grüne,30,60,60,30,left,28
GPT3.5-turbo-20b,ch,4,sp,30,60,60,30,left,26
GPT3.5-turbo-20b,ch,4,svp,30,60,60,30,right,4
GPT3.5-turbo-20b,ch,4,die-mitte,30,60,60,30,center,14
LLAMA2-70b,ch,0,fdp_ch,23,60,60,23,center,7
LLAMA2-70b,ch,0,evp,23,60,60,23,center,19
LLAMA2-70b,ch,0,grüne,23,60,60,23,left,22
LLAMA2-70b,ch,0,sp,23,60,60,23,left,21
LLAMA2-70b,ch,0,svp,23,60,60,23,right,2
LLAMA2-70b,ch,0,die-mitte,23,60,60,23,center,13
MISTRAL-7b,ch,4,fdp_ch,7,60,60,7,center,3
MISTRAL-7b,ch,4,evp,7,60,60,7,center,7
MISTRAL-7b,ch,4,grüne,7,60,60,7,left,7
MISTRAL-7b,ch,4,sp,7,60,60,7,left,7
MISTRAL-7b,ch,4,svp,7,60,60,7,right,1
MISTRAL-7b,ch,4,die-mitte,7,60,60,7,center,5
LLAMA2-7b,ch,25,fdp_ch,1,60,60,1,center,1
LLAMA2-7b,ch,25,evp,1,60,60,1,center,1
LLAMA2-7b,ch,25,grüne,1,60,60,1,left,1
LLAMA2-7b,ch,25,sp,1,60,60,1,left,1
LLAMA2-7b,ch,25,svp,1,60,60,1,right,0
LLAMA2-7b,ch,25,die-mitte,1,60,60,1,center,1
LLAMA2-70b,ch,20,fdp_ch,33,60,60,33,center,10
LLAMA2-70b,ch,20,evp,33,60,60,33,center,22
LLAMA2-70b,ch,20,grüne,33,60,60,33,left,30
LLAMA2-70b,ch,20,sp,33,60,60,33,left,28
LLAMA2-70b,ch,20,svp,33,60,60,33,right,5
LLAMA2-70b,ch,20,die-mitte,33,60,60,33,center,14
FLAN-T5-XXL-11b,ch,24,fdp_ch,30,60,60,30,center,12
FLAN-T5-XXL-11b,ch,24,evp,30,60,60,30,center,21
FLAN-T5-XXL-11b,ch,24,grüne,30,60,60,30,left,24
FLAN-T5-XXL-11b,ch,24,sp,30,60,60,30,left,23
FLAN-T5-XXL-11b,ch,24,svp,30,60,60,30,right,6
FLAN-T5-XXL-11b,ch,24,die-mitte,30,60,60,30,center,14
LLAMA2-70b,ch,5,fdp_ch,36,60,60,36,center,13
LLAMA2-70b,ch,5,evp,36,60,60,36,center,23
LLAMA2-70b,ch,5,grüne,36,60,60,36,left,28
LLAMA2-70b,ch,5,sp,36,60,60,36,left,26
LLAMA2-70b,ch,5,svp,36,60,60,36,right,8
LLAMA2-70b,ch,5,die-mitte,36,60,60,36,center,15
FLAN-T5-XXL-11b,ch,25,fdp_ch,26,60,60,26,center,10
FLAN-T5-XXL-11b,ch,25,evp,26,60,60,26,center,21
FLAN-T5-XXL-11b,ch,25,grüne,26,60,60,26,left,22
FLAN-T5-XXL-11b,ch,25,sp,26,60,60,26,left,22
FLAN-T5-XXL-11b,ch,25,svp,26,60,60,26,right,5
FLAN-T5-XXL-11b,ch,25,die-mitte,26,60,60,26,center,15
GPT3.5-turbo-20b,ch,5,fdp_ch,28,60,60,28,center,10
GPT3.5-turbo-20b,ch,5,evp,28,60,60,28,center,19
GPT3.5-turbo-20b,ch,5,grüne,28,60,60,28,left,25
GPT3.5-turbo-20b,ch,5,sp,28,60,60,28,left,24
GPT3.5-turbo-20b,ch,5,svp,28,60,60,28,right,4
GPT3.5-turbo-20b,ch,5,die-mitte,28,60,60,28,center,12
MISTRAL-7b,ch,25,fdp_ch,2,60,60,2,center,1
MISTRAL-7b,ch,25,evp,2,60,60,2,center,2
MISTRAL-7b,ch,25,grüne,2,60,60,2,left,2
MISTRAL-7b,ch,25,sp,2,60,60,2,left,2
MISTRAL-7b,ch,25,svp,2,60,60,2,right,0
MISTRAL-7b,ch,25,die-mitte,2,60,60,2,center,2
MISTRAL-7b,ch,20,fdp_ch,4,60,60,4,center,1
MISTRAL-7b,ch,20,evp,4,60,60,4,center,4
MISTRAL-7b,ch,20,grüne,4,60,60,4,left,4
MISTRAL-7b,ch,20,sp,4,60,60,4,left,4
MISTRAL-7b,ch,20,svp,4,60,60,4,right,0
MISTRAL-7b,ch,20,die-mitte,4,60,60,4,center,3
GPT3.5-turbo-20b,ch,18,fdp_ch,27,60,60,27,center,12
GPT3.5-turbo-20b,ch,18,evp,27,60,60,27,center,19
GPT3.5-turbo-20b,ch,18,grüne,27,60,60,27,left,22
GPT3.5-turbo-20b,ch,18,sp,27,60,60,27,left,21
GPT3.5-turbo-20b,ch,18,svp,27,60,60,27,right,6
GPT3.5-turbo-20b,ch,18,die-mitte,27,60,60,27,center,13
LLAMA2-70b,ch,4,fdp_ch,32,60,60,32,center,11
LLAMA2-70b,ch,4,evp,32,60,60,32,center,22
LLAMA2-70b,ch,4,grüne,32,60,60,32,left,27
LLAMA2-70b,ch,4,sp,32,60,60,32,left,25
LLAMA2-70b,ch,4,svp,32,60,60,32,right,5
LLAMA2-70b,ch,4,die-mitte,32,60,60,32,center,15
FLAN-T5-XXL-11b,ch,4,fdp_ch,24,60,60,24,center,9
FLAN-T5-XXL-11b,ch,4,evp,24,60,60,24,center,20
FLAN-T5-XXL-11b,ch,4,grüne,24,60,60,24,left,21
FLAN-T5-XXL-11b,ch,4,sp,24,60,60,24,left,20
FLAN-T5-XXL-11b,ch,4,svp,24,60,60,24,right,3
FLAN-T5-XXL-11b,ch,4,die-mitte,24,60,60,24,center,14
LLAMA2-13b,ch,20,fdp_ch,29,60,60,29,center,11
LLAMA2-13b,ch,20,evp,29,60,60,29,center,19
LLAMA2-13b,ch,20,grüne,29,60,60,29,left,25
LLAMA2-13b,ch,20,sp,29,60,60,29,left,23
LLAMA2-13b,ch,20,svp,29,60,60,29,right,6
LLAMA2-13b,ch,20,die-mitte,29,60,60,29,center,12
GPT3.5-turbo-20b,ch,24,fdp_ch,31,60,60,31,center,15
GPT3.5-turbo-20b,ch,24,evp,31,60,60,31,center,22
GPT3.5-turbo-20b,ch,24,grüne,31,60,60,31,left,25
GPT3.5-turbo-20b,ch,24,sp,31,60,60,31,left,24
GPT3.5-turbo-20b,ch,24,svp,31,60,60,31,right,7
GPT3.5-turbo-20b,ch,24,die-mitte,31,60,60,31,center,16
